item_id,shop_id,cat_id,name,price 2021-08-12,price 2021-08-13,price 2021-08-14,price 2021-08-15,price 2021-08-16,price 2021-08-17,sold 2021-08-12,sold 2021-08-13,sold 2021-08-14,sold 2021-08-15,sold 2021-08-16,sold 2021-08-17,availibility,min_sold,max_sold,delta_sold,avg_price,est_gmv
5540569928,17837760,100630,Paket Kecil Cream Hn Hetty 15 gr Original Beli 10 Free 1,35000,-,-,-,-,-,30785,-,-,-,-,-,1,30785,30785,0,35000,0
5393019157,94309880,100630,Madame Gie Beauty Pouch Exclusive - Makeup,50000,-,-,-,-,-,21170,-,-,-,-,-,1,21170,21170,0,50000,0
11216148058,466611171,100630,GLUTACID 16000mg DI JAMIN ASLI WHITENING BOOSTER PUTIH DALAM,-,29000,-,-,-,29000,-,10001,-,-,-,10001,2,10001,10001,0,29000,0
2962353551,375565670,100630,Paket Nature Reaction Serum Wajah Glowing Putih Bersih Bebas Jerawat Kusam Bintik Hitam BPOM,-,-,-,-,137000,-,-,-,-,-,20067,-,1,20067,20067,0,137000,0
1166654786,18102367,100630,Makarizo Hair Energy Fibertherapy Hair & Scalp Creambath Aloe & Melon 15 gr/ Perawatan Rambut Rontok,2900,2900,2900,2900,2900,2900,284570,284611,285400,285866,286462,287002,6,284570,287002,2432,2900,7052800
1835009883,62582411,100630,Maybelline Superstay Matte Ink Liquid Matte Lipstick Make Up [ Tahan Lama Hingga 24 Jam ],80600,80900,80900,73600,73600,66200,875717,875801,876466,876965,877331,877734,6,875717,877734,2017,75967,153224767
8461071280,375565670,100630,Nature Reaction Wajah Glowing Putih Bersih Bebas Jerawat Kusam Bintik Hitam Terdaftar BPOM Original,-,-,-,-,137000,137000,-,-,-,-,10008,10009,2,10008,10009,1,137000,137000
1593624531,94309880,100630,Madame Gie Silhouette Eyeliner - Makeup Eyeliner Pensil Waterpoof,8999,-,8999,8999,8999,10000,204859,-,205400,205905,206216,206510,5,204859,206510,1651,9199,15187879
8115235812,386942423,100630,Aish Brightening Serum untuk mencerahkan & komedo,-,119000,119000,119000,119000,119000,-,12360,12360,12360,12360,12360,5,12360,12360,0,119000,0
4158364024,107395930,100630,BREYLEE blackhead mask Peel Off Masker Komedo - Pretty Mart,28000,28000,28000,28000,28000,24000,108201,108215,108604,109042,109415,109690,6,108201,109690,1489,27333,40699333
1898457985,15465018,100630,[8.8 AGUSTUS] IMPLORA Urban Lip Cream Matte Original BPOM Lipstik Lipcream Lipstick,11700,11700,11700,11700,11700,11700,951719,951755,952385,953039,953626,954325,6,951719,954325,2606,11700,30490200
1879432706,48382819,100630,❤ BELIA ❤ IMPLORA ✔️BPOM Urban Lip Cream Matte ( lipcream Lipstick Lipstik ),14500,14500,14500,14500,14500,14500,693017,693100,694833,696339,697809,699193,6,693017,699193,6176,14500,89552000
10619454348,386942423,100630,Aish Serum Darkspot untuk melawan flek hitam dan bekas jerawat,-,-,-,-,123000,123000,-,-,-,-,9005,9006,2,9005,9006,1,123000,123000
711637264,12735630,100630,KUKU PALSU 3D FAKE NAIL NAILART WEDDING,17200,-,-,-,-,-,126255,-,-,-,-,-,1,126255,126255,0,17200,0
2825625491,59385795,100630,BPOM PARFUM MISS V THAHARAH 3ml NON ALKOHOL MUSK TAHARAH MISK THOHARA SURRATI KASTURI musk thahara,-,7500,7275,7275,-,-,-,38611,38628,38646,-,-,3,38611,38646,35,7350,257250
6067922298,119340160,100630,MISK 100% original saudi BPOM,40000,40000,40000,40000,40000,36000,170792,170842,171644,172506,173128,173630,6,170792,173630,2838,39333,111628000
6448221611,284131286,100630,Face Oil Almond Grapeseed Sunflower Rice Tamanu Zaitun Castor Serum,-,30000,30000,30000,30000,-,-,10671,10672,10675,10682,-,4,10671,10682,11,30000,330000
6092327882,347761304,100630,Kinsglow Skincare Paket Cherry Brightening Darkspot Paket Flek Kins Glow Skincare Putih Glowing,199000,199000,-,199000,199000,199000,10090,10090,-,10090,10090,10090,5,10090,10090,0,199000,0
11317892980,393295074,100630,BAYAR DIRUMAH! AISH Serum Korea Pencerah Wajah | AISH Serum Brightening/Acne/Darkspot 100% Original,119000,-,-,-,-,-,11702,-,-,-,-,-,1,11702,11702,0,119000,0
3363883692,278765463,100630,PARFUM ZODIAC ZODIAK LAVIUNA MINISO MINIISO MINISOO BPOM 30 ML box,-,-,14250,14250,14250,14250,-,-,46762,46772,46774,46775,4,46762,46775,13,14250,185250
28443162,3298864,100630,SASHA VITAMIN RAMBUT SATUAN (1 BUTIR),799,-,-,-,-,-,278143,-,-,-,-,-,1,278143,278143,0,799,0
209129409,1644944,100630,MAKARIZO Hair Energy Shampoo 10ML (Sachet),772,772,772,772,772,772,145146,145190,146244,147587,148881,149790,6,145146,149790,4644,772,3585168
6984629106,136712015,100630,Serum AISH KOREA Original Acne Brightening Darkspot,-,119000,119000,119000,119000,-,-,11132,11132,11132,11132,-,4,11132,11132,0,119000,0
11422813742,395900722,100630,PAKET EGLOW PLATINUM BPOM / PAKET EGLOW ACNE FREE SERUM WAJAH,115000,115000,115000,115000,115000,115000,10000,10000,10000,10000,10000,10000,6,10000,10000,0,115000,0
5134824487,217912990,100630,Masker KN95 dan Masker Medis -sweet bee,-,900,-,900,-,-,-,57300,-,58395,-,-,2,57300,58395,1095,900,985500
6142869723,284131286,100630,Obat Jerawat Pria Wanita Badan Wajah Punggung Batu Meradang Paling Ampuh,-,49000,-,49000,-,49000,-,14443,-,14450,-,14457,3,14443,14457,14,49000,686000
11020293437,243477967,100630,ELLIPS VITAMIN RAMBUT ELIPS / ELLIPS HAIR VITAMIN RAMBUT ORIGINAL (ECERAN) ✔️ BPOM,799,799,799,799,-,799,10055,10055,10055,10055,-,10075,5,10055,10075,20,799,15980
4751323010,8820177,100630,YOURA Masker 10 gram Pearl Wash off Mask non organic,-,-,-,2000,-,-,-,-,-,15371,-,-,1,15371,15371,0,2000,0
8004746979,146884287,100630,EFERO FOOT MASK masker kaki foot peeling foot exfloating efero exfoliating foot mask,15800,-,-,-,-,-,39133,-,-,-,-,-,1,39133,39133,0,15800,0
801258172,48382819,100630,❤ BELIA ❤ Maybelline Hypercurl Volum Express Waterproof ( BPOM Original 100% Hyper Curl mascara ),38500,-,-,-,-,-,117161,-,-,-,-,-,1,117161,117161,0,38500,0
4496290695,395900722,100630,PROMO NBS SKINCARE ORIGINAL100% PAKET ULTIMATE FREE SERUM,185000,185000,185000,185000,185000,185000,10001,10001,10001,10001,10001,10001,6,10001,10001,0,185000,0
9879993056,310038106,100630,Beauty In The Pot Official 1 PAKET Skincare Withglow Series Original BPOM,199000,199000,199000,199000,199000,-,10262,10262,10262,10262,10262,-,5,10262,10262,0,199000,0
9501443976,21475205,100630,Parfum Thailand Grade B - 35 ml,4950,4950,4950,4950,4950,4840,141010,141073,142197,143929,145470,147716,6,141010,147716,6706,4932,33071757
3309536224,6080165,100630,SCARLETT WHITENING Body Lotion |Brightening Romansa Fantasia charming freshy Felicya Angelista jolly,55000,55000,55000,52000,52000,52000,93730,93753,94173,94690,95171,95682,6,93730,95682,1952,53500,104432000
8480908113,410230217,100630,AISH SERUM KOREA ORIGINAL/SERUM AISH KOREA/AISH SERUM KOREA/AISH SERUM BRIGHTENING ACNE DARKSPOT,-,-,-,120000,-,-,-,-,-,10006,-,-,1,10006,10006,0,120000,0
11115735708,255365082,100630,Scarlett Whitening Cheer Up Your Day,150000,150000,150000,150000,150000,150000,14525,14526,14547,14574,14595,14606,6,14525,14606,81,150000,12150000
6719162154,65240549,100630,NIGHT CREAM MS GLOW,59900,-,-,-,-,-,38771,-,-,-,-,-,1,38771,38771,0,59900,0
2479057023,744873,100630,SCARLETT WHITENING Series Paket Lengkap Scarlet By Felicya Angelista,-,55000,55000,55000,55000,55000,-,363966,364696,365559,366368,367133,5,363966,367133,3167,55000,174185000
1016374645,58935977,100630,Compressed Paper Mask Sheet / Tablet Mask / Masker Kertas,-,-,340,340,-,-,-,-,396902,400146,-,-,2,396902,400146,3244,340,1102960
5536701088,59763733,100630,"Wardah Lightening Face Toner 125 ml -Hydrating toner dengan formula pH balance, Advanced Niacinamide",18000,-,18480,18480,21600,20400,80454,-,81364,82413,84214,86540,5,80454,86540,6086,19392,118019712
6977286578,278765463,100630,PARFUM BPOM SWITSBABY BOX 30 ML ORIGINAL bonus KANTONG PARFUME,-,-,5750,5750,-,-,-,-,55837,55895,-,-,2,55837,55895,58,5750,333500
7395569709,482526302,100630,"(BISA COD) Perfect Mask , Masker Wajah Mencerahkan Wajah 100% Alami",-,34860,34860,34860,34860,34860,-,10009,10009,10009,10009,10009,5,10009,10009,0,34860,0
1902098080,3774076,100630,IMPLORA URBAN LIP CREAM MATTE - LIPSTICK IMPLORA - LIPSTIK IMPLORA,14500,-,-,-,-,-,272147,-,-,-,-,-,1,272147,272147,0,14500,0
3777778330,30447006,100630,Parfum Thailand 35 ml Best Seller,5180,-,-,-,5180,5180,82449,-,-,-,83399,83677,3,82449,83677,1228,5180,6361040
1591482108,94309880,100630,Madame Gie Eyeshadow Moondust Temptation - MakeUp,18000,22160,22160,22160,22160,17000,320465,320509,321113,321811,322398,323032,6,320465,323032,2567,20607,52897313
4361727763,170773314,100630,MS GLOW Paket Wajah 100% Original Fre gift (COD),-,-,-,50000,-,-,-,-,-,127782,-,-,1,127782,127782,0,50000,0
1435027418,67964061,100630,Nagaraku mink ungu eyelash extension tanam bulumata palsu D curl D0.05/D0.10/D0.15/D0.20/D0.25,29399,-,-,-,-,-,157554,-,-,-,-,-,1,157554,157554,0,29399,0
6232626175,2116976,100630,✨LACIKOSME✨ HANASUI LIP CREAM BOBA EDITION MATTEDORABLE - LIP CREAM VELVET MATTE HANASUI,18700,-,-,-,-,-,39190,-,-,-,-,-,1,39190,39190,0,18700,0
8430499379,82002577,100630,MISK THAHARAH ORIGINAL 100% MISS V PENGANTIN,-,-,-,10000,-,-,-,-,-,29387,-,-,1,29387,29387,0,10000,0
11419214857,273152776,100630,Dsavior Body Whitening Serum / Pemutih Badan Pencerah Kulit Bpom,-,-,-,-,-,74999,-,-,-,-,-,20249,1,20249,20249,0,74999,0
8438350963,222136949,100630,Varian Musk al Tahara / Musk Thaharah 3ml Original,7600,7600,7600,7600,7600,7600,39411,39447,39971,40445,41001,41579,6,39411,41579,2168,7600,16476800
4284459776,86681009,100630,MASKER KOMEDO STRIPS LANBENA SACHET DEEP CLEANSING NOSE STRIPS,-,-,1500,1500,-,-,-,-,21229,21930,-,-,2,21229,21930,701,1500,1051500
7194417134,702975,100630,QUEENSI BODY LOTION Bebas Varian,-,99000,99000,99000,-,-,-,10513,10513,10513,-,-,3,10513,10513,0,99000,0
7874883526,284131286,100630,Minyak kemiri asli 100% penumbuh rambut botak kumis alis bulu mata untuk anak bayi dan dewasa,-,39000,39000,39000,39000,39000,-,10050,10055,10058,10064,10066,5,10050,10066,16,39000,624000
9385247544,393295074,100630,ORIGINAL SERUM AISH KOREA | SERUM AISH DARKSPOT /SERUM AISH ACNE /SERUM AISH BRIGHTENING 100% ORI,-,119000,119000,-,-,-,-,10172,10172,-,-,-,2,10172,10172,0,119000,0
11422758720,500258811,100630,MS GLOW PAKET WAJAH LENGKAP SEMUA SERIES,-,-,45000,45000,45000,45000,-,-,11186,11835,12175,12576,4,11186,12576,1390,45000,62550000
4813621221,67115935,100630,"POT CREAM 12,5GR 12,5 GRAM / POT KRIM KEMASAN KOSMETIK 12.5GR 12.5 Gram / POT KOSMETIK / WADAH KRIM",-,1250,1250,1250,-,-,-,298754,299672,301050,-,-,3,298754,301050,2296,1250,2870000
8806871041,77043823,100630,Misk Thaharah Original 100% Saudi | Misk Saudi Misk Thahara Misk Tahara Misk Taharah Musk Thaharah,30000,-,-,-,-,-,41334,-,-,-,-,-,1,41334,41334,0,30000,0
7172462939,139791804,100630,PROMO!!! lem kuku palsu lem gel harga 1 lembar isi 24tip lem jelly,-,1999,-,-,-,-,-,55601,-,-,-,-,1,55601,55601,0,1999,0
4217263544,94309880,100630,Madame Gie Madame Perfect Brow - MakeUp Pensil alis Mekanik,15000,15000,14900,16000,16000,17000,139831,139845,140216,140641,141086,141566,6,139831,141566,1735,15650,27152750
5647778471,48382819,100630,❤ BELIA ❤ MAKARIZO Hair Energy Shampoo Sachet 10mL (2x5mL) | Fibertherapy Shampo Sampo,900,900,900,900,900,900,139534,139649,141275,142923,144496,145528,6,139534,145528,5994,900,5394600
1720340880,94309880,100630,Madame Gie Magnifique Lip Tint - MakeUp Lipstik,-,16030,16030,18320,18320,17000,-,255254,255649,256102,256501,256912,5,255254,256912,1658,17140,28418120
6860888438,15978322,100630,(BPOM) SERUM WAJAH| Serum Collagen| Jerawat & bekas jerawat| skincare|Perawatan wajah|Serum Glowing,-,-,-,-,-,39000,-,-,-,-,-,12137,1,12137,12137,0,39000,0
1355132747,8175160,100630,ORIGINAL Bedak Tabur Marcks 40 Gram 40gr 40g 40 gr,11000,11000,11000,11000,11000,11000,171109,171147,172011,173538,174114,174845,6,171109,174845,3736,11000,41096000
4843833959,284607209,100630,Waxing Strip | Kain Penghilang Bulu | Sugar Waxingkit | Kain Wax,1000,-,-,-,-,-,55757,-,-,-,-,-,1,55757,55757,0,1000,0
7361472230,744873,100630,Masker Organik by LEA Gloria | Masker Bubuk by LEA Gloria Travel Size 10 grm 20 gr 50 gr BPOM,2250,2250,2250,2250,2250,2250,185889,185903,186446,187111,187679,188300,6,185889,188300,2411,2250,5424750
6095265601,486668696,100630,SUPER BREAST MASK - Masker Pembesar Payudara dan Pengencang payudara,25500,25500,25500,25500,25500,25500,10000,10000,10000,10000,10000,10000,6,10000,10000,0,25500,0
9679741932,298619969,100630,CREAM PREMIUM PENGHILANG FLEK 5X LEBIH CEPAT AMAN SKINGLOW TREATMENT,-,50000,-,-,50000,50000,-,10400,-,-,10400,10400,3,10400,10400,0,50000,0
8778172960,486668696,100630,SUPER BREAST MASK - Masker Pembesar Payudara dan Pengencang,25000,25000,25000,25000,-,-,10001,10001,10001,10001,-,-,4,10001,10001,0,25000,0
6211693448,201071840,100630,Whitelab Brightening Night Cream,67200,-,-,-,-,-,74773,-,-,-,-,-,1,74773,74773,0,67200,0
4389308621,358200526,100630,bedak lotong / beddak lotong asli / bedda lotong / beda lotong / lulur viral,10750,10750,10750,10750,10750,10750,27480,27529,28409,29217,29966,30679,6,27480,30679,3199,10750,34389250
6687672537,399299886,100630,Nature Reaction Crystal Bright BPOM Serum Pencerah Wajah Glowing & Bebas Jerawat & Flek Hitam,137000,-,-,-,-,-,10356,-,-,-,-,-,1,10356,10356,0,137000,0
3788581704,48382819,100630,❤ BELIA ❤ Garnier Micellar Water Pink | Blue Biru | Bi-phase Oil | Vit C Kuning | Rose Water 125ml,-,18800,18800,18800,18800,18700,-,29958,30636,31212,31851,32498,5,29958,32498,2540,18780,47701200
8045182509,169002723,100630,Misk thaharah / musk thaharah / misk al taharah / musk al thaharah 100% original SAUDI ARABIA 3ml,5000,5000,5000,5000,5000,5000,54019,54060,55487,56403,57273,58966,6,54019,58966,4947,5000,24735000
4543885412,133880409,100630,ORIGINAL ROREC HCHANA NATURAL SKIN CARE MASK SHEET MASKER TISU,-,1990,1990,1990,-,1990,-,39562,39826,39868,-,40142,4,39562,40142,580,1990,1154200
3733327813,211430437,100630,The Aesthetics Skin X Dion Mulya Moist In Jar Daily Soothing Moisturizer,95000,-,-,-,-,-,111508,-,-,-,-,-,1,111508,111508,0,95000,0
7552474007,18389453,100630,HB MALAM WHITENING UNGU/LOTION BIERLIAN SKINCARE/HANDBODY UNGU/TRIPLE LOTION WHITENING BIERLIAN,-,170000,170000,-,170000,170000,-,13661,13663,-,13663,13665,4,13661,13665,4,170000,680000
8943373562,115047264,100630,PROMO PARFUM ISLAMI SULTHAN NON ALKOHOL DAPAT 3 VARIAN EKSLUSIF BY MANA WA SALWA PARFUM,199000,199000,199000,199000,199000,199000,10000,10000,10000,10000,10000,10000,6,10000,10000,0,199000,0
5020029652,744873,100630,IMPLORA Eye Brow Pencil 2 IN 1 ( PENSIL + SERUTAN + SIKAT ) ORIGINAL BPOM / 2IN1 PENSIL ALIS IMPLORA,3890,3890,3890,3890,3890,3890,185263,185351,186378,187799,188975,190011,6,185263,190011,4748,3890,18469720
1545588062,8901630,100630,Lampu Natal led tumblr | tumblr light | lampu hias led | lampu dekorasi murah,11500,11500,11500,11500,11500,11500,323543,323608,324847,326318,327484,328473,6,323543,328473,4930,11500,56695000
10818227738,423900458,100630,The Face Shop Pelembab Wajah Pelembab Muka Pelembab Facial Moisturizing Lotion & Toner Suit 150ml,-,102600,102600,-,-,-,-,9997,10001,-,-,-,2,9997,10001,4,102600,410400
7688132289,78482885,100630,Nature Reaction Crystal Bright Serum Original BPOM,-,-,-,-,137000,-,-,-,-,-,15016,-,1,15016,15016,0,137000,0
1887125896,101088419,100630,"BUKAN UNTUK CUSTOMER ( BACA JANGAN MALAS PAHAM!!), KHUSUS RESELLER/AGEN PAKET PARTNER UTE SKINCARE",-,-,-,-,1000,-,-,-,-,-,119439,-,1,119439,119439,0,1000,0
10521946329,474042359,100630,Bellvada Skincare - Bellvada Tissue - Pemutih Bellvada - Tisu Whitening Alami - Ultimate Wipes,95000,95000,95000,95000,95000,95000,10001,10001,10001,10001,10001,10001,6,10001,10001,0,95000,0
6002420909,48382819,100630,❤ BELIA ❤ Hanasui ✔️BPOM Serum | Whitening Gold Vit C Collagen Anti Acne Propolis Men Bright Active,11600,11600,11600,11600,11600,11550,241968,242022,242941,243973,245107,245853,6,241968,245853,3885,11592,45033625
4656604193,17005061,100630,DEODORANT SPRAY/SR12 / DEODORANT PREMIUM SR12 / DEO SPRAY SR12 / deodorant spray sr12 penghilang bau,-,-,-,60000,60000,60000,-,-,-,11219,11220,11220,3,11219,11220,1,60000,60000
8240026298,174140461,100630,BAYAR COD AISH Brightening / Acne / Darkspot Serum KOREA - 100% ORIGINAL BPOM,-,-,-,-,-,119000,-,-,-,-,-,65336,1,65336,65336,0,119000,0
11521780623,487938494,100630,Bisa COD - Masker Spirulina Original - Masker organik - Penghilang jerawat - Pencerah wajah,-,-,21000,-,-,21000,-,-,12513,-,-,12517,2,12513,12517,4,21000,84000
5344880246,35419164,100630,READY STOCK TERMURAH JARING SABUN Multibeauty Soap Foaming Net Untuk Membusakan Sabun,-,-,-,-,-,600,-,-,-,-,-,37459,1,37459,37459,0,600,0
3694030307,483904450,100630,sabun Alpha Rules Dirt Off original perawatan pria- Sabun Mandi cair Body Wash pria/cowok 250 ml,125000,125000,-,175000,175000,175000,11828,11828,-,11828,11828,11828,5,11828,11828,0,155000,0
4196128564,500282245,100630,MS GLOW SERUM LUMINOUS GOLD ACNE LIFTING PEELING,-,-,145500,145500,-,-,-,-,10011,10011,-,-,2,10011,10011,0,145500,0
6434859878,88131133,100630,GELATIN KOMEDO MASKER ORGANIK WAJAH ORIGINAL,375,375,375,375,375,375,738259,738269,738977,739397,740316,741355,6,738259,741355,3096,375,1161000
1391759683,6080165,100630,SCARLETT WHITENING / SCARLET ORIGINAL lotion lulur sabun facial wash serum cream day night bright,55000,55000,55000,52000,52000,52000,690618,690644,691641,692416,693288,694329,6,690618,694329,3711,53500,198538500
9169917584,115047264,100630,PARFUM ISLAMI NON ALKOHOL PARFUM MANA WA SALWA PARFUM PRIA PARFUM WANITA PARFUM ORIGINAL,199000,199000,199000,199000,199000,199000,10000,10000,10000,10000,10000,10000,6,10000,10000,0,199000,0
6567461572,240855635,100630,(BERGARANSI) Vitasoftoil Penghilang Bekas Luka Keloid Selulit Stretchmark Benjolan,-,90000,-,-,-,-,-,10074,-,-,-,-,1,10074,10074,0,90000,0
9721235490,8901630,100630,[NEW] 2IN1 KUTEK HALAL KUTEKS 2 TONE KUTEK KOREA Cat Kuku muslimah Gel Nail polish,10000,-,-,-,-,-,51770,-,-,-,-,-,1,51770,51770,0,10000,0
2030946468,48382819,100630,❤ BELIA ❤ VIVA Milk Cleanser dan Face Tonic 100mL Air Mawar ( susu pembersih toner penyegar ),4350,4350,4350,4350,4350,4350,248898,248929,249610,250272,250790,251301,6,248898,251301,2403,4350,10453050
11419528516,310038106,100630,Beauty In The Pot 1 PAKET Kecantikan Skincare Krim Cream Crem Siang Malam Pemutih Wajah Glowing BPOM,-,-,199000,-,199000,199000,-,-,10204,-,10204,10204,3,10204,10204,0,199000,0
3439788286,94309880,100630,Madame Gie Color Pop Lip Balm Fruity Series,5000,5000,5000,5000,5000,7000,113050,113116,114182,115205,116120,116900,6,113050,116900,3850,5333,20533333
6540612810,280479296,100630,SERUM AISH ACNE/DARKSPOT/BRIGHTENING(MIX VARIAN) | 100% ORIGINAL BPOM | AISH SERUM KOREA BEST SELLER,-,119000,119000,119000,-,119000,-,11416,11416,11416,-,11416,4,11416,11416,0,119000,0
10110326352,9041468,100630,PARFUM MISK THAHARAH ORIGINAL100% SAUDI MUSK THAHARAH ASLI  PARFUM WANITA MISK THAHARAH,7500,-,-,-,-,7500,27778,-,-,-,-,29566,2,27778,29566,1788,7500,13410000
1911035667,78668069,100630,Bulu mata tanam flare isi 60 helai,-,-,3500,3500,-,-,-,-,576330,577789,-,-,2,576330,577789,1459,3500,5106500
5945571376,278590404,100630,100 pcs Kunciran Rambut Pouch Korea,6999,6999,6999,6999,6999,6999,58658,58725,59666,60532,61233,61697,6,58658,61697,3039,6999,21269961
6411900393,60381158,100630,MASKER ORGANIK 5GR MASKER ORGANIK MURAH MASKER WAJAH MURAH MASKER KECANTIKAN MASKER ALAMI 5GRAM,545,-,-,-,-,545,61567,-,-,-,-,64150,2,61567,64150,2583,545,1407735
6257993705,302967609,100630,PARFUME THAILAND ORI 35ml TERMURAH,-,-,-,-,-,5000,-,-,-,-,-,25422,1,25422,25422,0,5000,0
8283161872,474610295,100630,Bot0x Korea * Botulax * Meditoxin* Nabota* Innotox * Rentox,610000,-,-,-,-,610000,8889,-,-,-,-,8894,2,8889,8894,5,610000,3050000
5171755769,347664698,100630,BRIGHTY GLOWING UNDERARM PEMUTIH KETIAK TERBAIK ALAMI NO.1,99000,-,-,99000,99000,96030,37494,-,-,38845,39350,39725,4,37494,39725,2231,98258,219212482
6464487391,12710636,100630,FreshCare Minyak Angin AromaTherapy Aroma Therapy 10ml,8740,-,-,-,-,-,39512,-,-,-,-,-,1,39512,39512,0,8740,0
1205531130,39283823,100630,NIVEA Personal Care Deodorant Extra Whitening Roll On - 25 ml,9700,9700,9600,9600,-,-,99284,99294,99441,99610,-,-,4,99284,99610,326,9650,3145900
7777018058,195455930,100630,SOMETHINC 10% Niacinamide + Moisture Sabi Beet Max Brightening Serum,115500,-,-,-,115500,115500,66524,-,-,-,67783,68135,3,66524,68135,1611,115500,186070500
9180007484,310038106,100630,Beauty In The Pot 1 PAKET Kecantikan Skincare Facial Wash Brightening Glowing Whitening Sabun Wajah,199000,199000,199000,-,199000,199000,10182,10182,10182,-,10182,10182,5,10182,10182,0,199000,0
2134794708,35017261,100630,IMPLORA Pensil Alis 2in1 - Eyebrow Pencil Original BPOM,3790,3790,3790,-,3790,3790,255435,255441,255902,-,257610,258437,5,255435,258437,3002,3790,11377580
5900834763,11855653,100630,Implora Urban Lip Cream Matte,15300,15300,15300,15300,15300,15300,199092,199148,200804,202604,204251,205626,6,199092,205626,6534,15300,99970200
795358867,39260122,100630,[Per Pc] Liptint Sasimi Aloe Vera 99%,5850,-,-,-,-,-,205667,-,-,-,-,-,1,205667,205667,0,5850,0
603300221,39283823,100630,NIVEA Body Care Extra White Instant Glow SPF15 Lotion 200 ml,28100,28100,-,-,-,-,75109,75119,-,-,-,-,2,75109,75119,10,28100,281000
2196799218,143641889,100630,NBS ultimate OPEN JOIN RESELLER / AGEN / STOCKIST,185000,185000,185000,185000,185000,185000,9981,9981,9981,9981,9981,9981,6,9981,9981,0,185000,0
9228102386,374542337,100630,LACOCO DARK SPOT ESSENCE 12 ml Lcantiflek Penghilang flek hitam glowing bebas jerawat,-,-,400000,189000,-,176000,-,-,10035,10035,-,10035,3,10035,10035,0,255000,0
10723276009,503056778,100630,(SIAP KIRIM) PERFECT BREAST MASK Masker Pembesar & Pengencang Payudara Terbaik,-,24500,24500,24500,24500,24500,-,10002,10002,10002,10002,10002,5,10002,10002,0,24500,0
3742008961,284131286,100630,Tamanu oil original perawatan wajah untuk pria wanita dengan wajah berjerawat remaja / dewasa,-,49000,49000,49000,49000,49000,-,13345,13346,13346,13346,13346,5,13345,13346,1,49000,49000
11721833412,164600279,100630,SERUM AISH ORIGINAL / AISH SERUM ORIGINAL / SERUM AISH KOREA / ACNE / BRIGHTENING / DARKSPOT,-,119000,119000,-,-,119000,-,18677,18677,-,-,18679,3,18677,18679,2,119000,238000
8468903336,398684608,100630,Ms Glow Whitening Day Cream Original Pelembab Wajah Bpom Halal 12gr,-,85000,85000,-,-,85000,-,10000,10000,-,-,10000,3,10000,10000,0,85000,0
9283287026,491987503,100630,PAKET MS GLOW BEAUTY FREE JJ GLOW MINI ORIGINAL,250000,250000,-,220000,220000,229999,11201,11201,-,11201,11201,11201,5,11201,11201,0,234000,0
7540575298,279450296,100630,Botulax 100u original korea,-,-,630000,-,630000,630000,-,-,13705,-,13713,13716,3,13705,13716,11,630000,6930000
5393967655,94309880,100630,Madame Gie Lip Matte Netizen - Make Up Lipstick | Lip Cream,9900,9900,9900,9900,9900,10000,41084,41182,42740,44329,45684,46951,6,41084,46951,5867,9917,58181083
6395862146,69162884,100630,DAISY ORGANIC / MASKER ORGANIK DAISY / MASKER WAJAH ORGANIK / MASKER JERAWAT / FACE MASK ORGANIK,-,-,15000,15000,15000,15000,-,-,10002,10005,10005,10006,4,10002,10006,4,15000,60000
1582613269,34880155,100630,Nature Republic Mask Sheet All variant,3300,-,3300,-,3300,3300,40384,-,40768,-,42251,42980,4,40384,42980,2596,3300,8566800
10821163409,367799781,100630,Sheriz Brightening Body Lotion Original Termurah Dan Terlaris Free Masker Spirulina Tiens Original,-,78000,78000,78000,78000,78000,-,11000,11000,11000,11000,11000,5,11000,11000,0,78000,0
1661215761,15612520,100630,Mascara Wand Sisir Kuas Sikat Eyelash Extention Bulu Mata Spoolers Makeup Tool Kit Pink S098,-,-,297,-,-,297,-,-,85024,-,-,87001,2,85024,87001,1977,297,587169
9684136446,495045283,100630,SABUN SAFFRON PEMUTIH WAJAH GLOWING PENGHILANG JERAWAT KOMEDO DAN FLEK HITAM,-,7500,7500,-,7500,-,-,10000,10000,-,10000,-,3,10000,10000,0,7500,0
623382315,17566419,100630,MS glow Facial wash,60000,60000,60000,60000,60000,60000,116183,116236,116855,117354,117856,118309,6,116183,118309,2126,60000,127560000
9080463460,164987073,100630,(BISA COD) PERFECT BREAST MASK ~ MASKER PEMBESAR & PENGENCANG PAYUDARA HERBAL ALAMI BPOM,-,26500,26500,-,-,-,-,10031,10035,-,-,-,2,10031,10035,4,26500,106000
3995448582,494767923,100630,Serum Wajah Facial Essence Moisturizes Celles 30 Gel Tiane M&Y Extract Hydra Facial Essence by Tiens,-,2300,2300,2300,2300,2300,-,10028,10028,10028,10028,10028,5,10028,10028,0,2300,0
4546714427,34973060,100630,Spatula Masker / Sendok Masker,-,180,180,-,180,-,-,36134,36439,-,38003,-,3,36134,38003,1869,180,336420
9657291407,31169310,100630,MASKER BIBIR COLLAGEN Pelembab Mulut Kering Pecah Lip Mask Moisturizing Moist Halus Lembut Pink,-,-,-,-,-,1200,-,-,-,-,-,25221,1,25221,25221,0,1200,0
4982275373,744873,100630,[Checkout Rp1000] Makarizo Hair Energy Conditioning & Shampoo 10ml,1000,1000,1000,1000,1000,1000,34214,34228,34843,35495,36220,36719,6,34214,36719,2505,1000,2505000
5621853247,15465018,100630,[BESTSELLER] IMPLORA PENSIL ALIS,-,-,-,-,2500,-,-,-,-,-,243570,-,1,243570,243570,0,2500,0
8575799065,483904450,100630,sabun muka 'Alpha Rules Face Up-sabun perawatan pembersih muka wajah pria/cowok Facial Wash 100 ml,125000,125000,-,125000,125000,125000,11786,11786,-,11786,11786,11786,5,11786,11786,0,125000,0
5551263986,284315645,100630,Divine 24pcs/Set Kuku Palsu Dengan Lem Fashion Acrylic multi Design Nail Art,8000,8000,8000,8000,8000,8000,173248,173284,173803,174767,175154,175655,6,173248,175655,2407,8000,19256000
7716852929,17005061,100630,SR12 MINYAK BULUS / MASSAGE OIL BULUS SR12 / PENGENCANG PAYUDARA / MINYAK BULUS ORIGINAL,-,-,-,95000,95000,95000,-,-,-,11002,11003,11003,3,11002,11003,1,95000,95000
8685326656,495096234,100630,Sabun Muka Wajah Pria ClorisMen Skincare Perawatan Penghilang Jerawat Pembersih Wajah Pria Anti Acne,-,35000,35000,35000,35000,35000,-,10007,10008,10008,10010,10010,5,10007,10010,3,35000,105000
2310746132,15465018,100630,[GROSIR] Implora Lip Cream Original matte,-,12000,12000,-,-,-,-,123856,124002,-,-,-,2,123856,124002,146,12000,1752000
9978797461,18023176,100630,susu whitening gluta whitening booster,-,-,-,-,200000,-,-,-,-,-,10000,-,1,10000,10000,0,200000,0
5636506565,234560314,100630,ROREC / HCHANA MASK MASKER WAJAH FACIAL MASK,1978,1978,1978,1978,1978,1978,402459,402463,402680,402819,402976,403235,6,402459,403235,776,1978,1534928
4686420553,426134429,100630,[ERESSKIN] HB PEMUTIH SUPER ERESSKIN HANDBODY DOSIS TINGGI LOTION WHITENING TUBUH BADAN BPOM DOSTING,-,70000,-,-,70000,70000,-,11755,-,-,11758,11759,3,11755,11759,4,70000,280000
10202766189,358200526,100630,bedak lotong bubuk / bedda lotong bubuk / lulur viral / beda lotong bubuk beddak lotong,5950,-,-,-,-,5950,18284,-,-,-,-,20187,2,18284,20187,1903,5950,11322850
3417987384,48382819,100630,"❤ BELIA ❤ KOJIE SAN Skin Lightening Soap Kojic Acid, Dream White 45 / 65 / 135g  Sabun KOJIESAN BPOM",11400,-,-,-,-,-,155501,-,-,-,-,-,1,155501,155501,0,11400,0
2931396916,243477967,100630,Masker Hanasui Naturgo BPOM Medis Masker Wajah Lumpur Lightening Peel Off Komedo Face Mask Murah Ori,1990,-,-,-,-,-,10118,-,-,-,-,-,1,10118,10118,0,1990,0
2004390259,11143438,100630,[BUY 1 GET [1] 20GRAM LEA GLORIA MASKER LEA MASKER LEA GLORIA MASKER ORGANIK LEA MASKER WAJAH,660,660,660,660,660,660,774126,774134,775349,776352,777097,777802,6,774126,777802,3676,660,2426160
10116264990,233420365,100630,PERFECT BREAST MASK Permbesar Payudara & Pengencang Payudara Alami Herbal,-,25000,25000,25000,25000,-,-,10151,10151,10151,10151,-,4,10151,10151,0,25000,0
1966754001,59971631,100630,[10gr] Masker organik oat facemask & scrub,1690,1690,1690,1690,1690,1690,351065,351128,352094,352871,353607,354400,6,351065,354400,3335,1690,5636150
5710661209,11143438,100630,[BUY 1 GET [1] LEA GLORIA MASKER LEA BUBUK BY LEA GLORIA 20GRAM MASKER LEA GLORIA,650,-,-,650,-,-,354485,-,-,355539,-,-,2,354485,355539,1054,650,685100
8313536171,382165988,100630,PARFUM THAILAND 35ML HARGA TERBAIK,2850,-,2850,2850,2850,2850,184175,-,185888,187427,189517,191908,5,184175,191908,7733,2850,22039050
10620153012,494442221,100630,Alpha Rules Face Up Sabun Cuci Muka Perawatan Pembersih  Wajah Facial Wash Pria Cowok Original BPOM,-,125000,125000,125000,125000,125000,-,9890,9893,9893,9899,9899,5,9890,9899,9,125000,1125000
9146353358,18389453,100630,[BPOM] PAKET WAJAH BIERLIAN SKINCARE,-,260000,260000,-,260000,260000,-,11402,11402,-,11402,11402,4,11402,11402,0,260000,0
6748863961,298578186,100630,INNISFREE MY REAL SQUEEZE SHEET MASK 23ML / MASKER INNISFREE,3700,3700,3700,3700,3700,3700,58748,58792,59457,60220,60933,61504,6,58748,61504,2756,3700,10197200
7920169927,235645670,100630,MASKER ORGANIK BY SHABIRA,1377,1377,1377,1377,1377,1377,622371,622404,624099,625351,626834,629059,6,622371,629059,6688,1377,9209376
6896103598,47475272,100630,NBS Noni Beauty Skincare perawatan wajah,145000,-,-,-,-,-,8000,-,-,-,-,-,1,8000,8000,0,145000,0
8582139372,409078219,100630,Paket Skincare Beauty Acne 4in1,370000,370000,370000,370000,370000,370000,11314,11314,11314,11314,11314,11314,6,11314,11314,0,370000,0
9178567703,490422009,100630,bening skincare serum (acne/flek/gold/whitening),150000,150000,150000,150000,150000,150000,11001,11001,11001,11001,11001,11001,6,11001,11001,0,150000,0
9580993256,494442221,100630,Alpha Rules Full Body Contact  Body Wash Sabun Mandi Shampoo Shampo Sampo Perawatan Tubuh Pria Cowok,-,195000,195000,195000,195000,195000,-,10011,10013,10013,10018,10018,5,10011,10018,7,195000,1365000
3611788396,201071840,100630,Whitelab Brightening Facial Wash,38850,38850,38850,38850,38850,36908,76421,76465,76906,77218,77499,77753,6,76421,77753,1332,38526,51317076
10819545969,310038106,100630,Beauty In The Pot 1 PAKET Kecantikan Skincare Sabun Cuci Pembersih Wajah Muka Wanita Glowing,199000,199000,199000,199000,199000,-,10278,10278,10278,10278,10278,-,5,10278,10278,0,199000,0
3353108528,101147603,100630,TRAVEL SIZE 10 GRAM BY LEA GLORIA,-,1999,-,-,-,-,-,151074,-,-,-,-,1,151074,151074,0,1999,0
6386864398,77103091,100630,PGOODS - Cermin Bulat Karakter Kaca Cermin Make Up Mini Travelling Motif,-,-,758,758,-,-,-,-,14703,15167,-,-,2,14703,15167,464,758,351712
4619578680,9664631,100630,KAPAS SELECTION MEDISOFT Facial Cotton 35gr 50gr 75gr Round Oval Bulat Ball Bud Special Tipis Kotak,2780,2780,2780,2780,2780,2752,151474,151496,152043,152559,152882,153230,6,151474,153230,1756,2775,4873485
6894185976,486112449,100630,Serum Perawatan Kulit Wajah Wanita Glowing Serum Nature Reaction,-,137000,-,-,137000,137000,-,10599,-,-,10599,10599,3,10599,10599,0,137000,0
8566096950,318181873,100630,BYT GLO OIL SKINCARE FACE ORGANIK BPOM,250000,250000,250000,250000,250000,250000,10000,10000,10000,10000,10000,10000,6,10000,10000,0,250000,0
7132011125,255365082,100630,Scarlett Whitening Body Lotion Charming,75000,-,-,-,-,-,130262,-,-,-,-,-,1,130262,130262,0,75000,0
3694003435,282546219,100630,DE REINEZ Lip Serum Original Alami Ampuh Merawat Pelembab Pencerah Bibir Sehat,-,43000,43000,43000,43000,43000,-,10024,10024,10025,10026,10027,5,10024,10027,3,43000,129000
8856124351,19715135,100630,HENNA ALIS FREE KUAS//TATTO ALIS//HENNA ALIS AL LATIF,-,2999,-,2999,-,-,-,12126,-,12235,-,-,2,12126,12235,109,2999,326891
10308329976,426765562,100630,LipstikHubabah(UmmuSalim)/OriginalDariTarim(HargaTerjanggakauDibawaLangsungDarTarim),-,20000,-,-,-,20000,-,9622,-,-,-,9623,2,9622,9623,1,20000,20000
11519341181,8901630,100630,24 Pcs Kuku Palsu Dan Lem Fake Nail Art 3d Kuku Palsu Tahan Air 24 Pcs Kotak Free Lem 2gr,6500,6500,6500,6500,6500,6500,13356,13390,14276,15498,16499,17509,6,13356,17509,4153,6500,26994500
9340278545,390590201,100630,AZ-ZIKRA PROPPLIS 6 ML BPOM,175000,175000,175000,175000,175000,-,10012,10012,10012,10012,10012,-,5,10012,10012,0,175000,0
8510068316,12495508,100630,PINKFLASH L01 Ohmykiss Lipstick Matte Bibir Cair,12000,12000,12500,12500,12500,12500,61057,61120,61923,62723,64117,65252,6,61057,65252,4195,12333,51738333
5711696002,201071840,100630,Whitelab Brightening Face Serum,78750,78750,78750,78750,78750,74813,175985,176036,176616,177015,177333,177659,6,175985,177659,1674,78094,130729077
4717533343,48382819,100630,❤ BELIA ❤ WARDAH Lightening Series | Day | Night Cream Face Serum Wash Foam Mask Scrub Toner Milk,12800,12800,12800,12800,12800,12800,76452,76465,76958,77411,77870,78393,6,76452,78393,1941,12800,24844800
4615947696,48382819,100630,❤ BELIA ❤ EMINA Bright Stuff Series | pencerah Emina toner face wash moisturizing tone up ACNE PRONE,10800,-,10800,10800,10800,10800,146801,-,147804,148677,149484,150259,5,146801,150259,3458,10800,37346400
2971766686,353064223,100630,Paket anti aging daviena skincare| daviena skincare jakarta | daviena | davina|daviena official,-,65000,65000,65000,65000,65000,-,10302,10302,10302,10302,10304,5,10302,10304,2,65000,130000
9113663318,382165988,100630,PARFUM THAILAND 35 ML PARFUM BAJU PARFUM PRIA WANITA,2800,2800,2800,2800,2800,2800,77558,77574,78359,79279,80715,81985,6,77558,81985,4427,2800,12395600
9322698893,398658884,100630,LOTION PEMUTIH BADAN AMPUH PERMANEN CREAM PEMUTIH PUTIH NYATA HASIL RACIKAN FARMASI Dokter SpKK,-,-,-,-,-,75000,-,-,-,-,-,10042,1,10042,10042,0,75000,0
6913240914,138274361,100630,ECER SASHA HAIR VITAMIN / VITAMIN RAMBUT BPOM,699,699,699,699,699,699,233925,234045,235322,236940,238821,239613,6,233925,239613,5688,699,3975912
3246667136,19930464,100630,Kuas Masker / Kuas Masker Termurah / Kuas Masker Wajah (KUALITAS PREMIUM),-,750,-,-,-,-,-,159529,-,-,-,-,1,159529,159529,0,750,0
1394583556,29785647,100630,SCARLETT WHITENING BODY LOTION -BODY SCRUB-SCARLET WHITENING JOLLY ROMANSA-FRESHY-POME-SERUM-BPOM,55000,-,55000,55000,55000,52000,165881,-,166391,166889,167286,167570,5,165881,167570,1689,54400,91881600
9637966030,404626315,100630,ASLI Serum Pencerah Kulit Wajah Hasil Permanen Perawatan Kecantikan Wajah Halal BPOM Serum Wajah,-,119000,119000,119000,-,-,-,10029,10030,10030,-,-,3,10029,10030,1,119000,119000
9684939555,227890528,100630,HANDBODY SACRLET NIVIEA VASELINE CITRA PEMUTIH ORIGINAL LOTION MURAH EXTRA WHITENING BY ANGEL TACIK,5750,5750,5750,5750,5750,5750,12000,12000,12000,12000,12000,12000,6,12000,12000,0,5750,0
7051549764,48382819,100630,❤ BELIA ❤  MIRANDA Premium Hair Color Cream 30mL + Peroxide 30mL | cat rambut,8800,-,-,-,-,-,65906,-,-,-,-,-,1,65906,65906,0,8800,0
5766471278,170773314,100630,MS Glow Paket Wajah Dan Serum lengkap free box,-,-,300000,300000,-,-,-,-,69879,69905,-,-,2,69879,69905,26,300000,7800000
3551041406,303830236,100630,[cod] peninggi badan zinc terampuh original || (eceran) variant isi 60 dan 30 kapsul,-,89000,89000,89000,-,-,-,52189,52189,52189,-,-,3,52189,52189,0,89000,0
4677814677,31169310,100630,Masker Mata COLLAGEN CRYSTAL GOLD EYE BAG MASK EYEMASK Kantong Black Panda Anti Aging Wrinkle Emas,1100,1100,1100,1100,1100,-,68847,68911,70469,71689,72980,-,5,68847,72980,4133,1100,4546300
8535787956,280479296,100630,SERUM AISH ACNE/DARKSPOT/BRIGHTENING(MIX VARIAN) | 100% ORIGINAL BPOM | AISH SERUM KOREA BEST SELLER,-,119000,119000,119000,-,119000,-,10039,10040,10040,-,10040,4,10039,10040,1,119000,119000
11417786008,474610295,100630,Botul4x 100 ui| 200 ui Original| Korea,630000,-,-,-,-,-,9004,-,-,-,-,-,1,9004,9004,0,630000,0
7819161297,201071840,100630,Whitelab Brightening Paket Wajah & Serum,277000,-,277000,277000,-,261765,72000,-,72440,72754,-,73282,4,72000,73282,1282,273191,350231182
3243919553,278765463,100630,PARFUM WANITA JO MALONE LONDON ENGLISH PEAR & FRESSIA PEONY JOMALON WANITA Parfume eaude Pria 30ML,-,2500,2500,2500,2500,-,-,20229,20233,20235,20238,-,4,20229,20238,9,2500,22500
3619118616,920406,100630,[BPOM] ARIUL 7 Days Mask Sheet,4500,-,-,-,-,-,79937,-,-,-,-,-,1,79937,79937,0,4500,0
2982992130,495396973,100630,PERFECT BREAST MASK/MASKER PEMBESAR & PENGENCANG PAYUDARA  TERCEPAT ALAMI,-,-,48900,-,48900,48900,-,-,10001,-,10001,10001,3,10001,10001,0,48900,0
3800790336,28610028,100630,(BUTIR) ELLIPS VITAMIN RAMBUT ELLIPS / ELIPS VITAMIN RAMBUT ELIPS ORIGINAL,999,-,999,999,999,999,223057,-,223724,224232,224637,225632,5,223057,225632,2575,999,2572425
8869470060,375565670,100630,SABUN ESPIO COLLAGEN SOAP 100% ORIGINAL/SABUN ESPIO BPOM ORIGINAL 100%ORI/SABUN COLAGEN\KOLAGEN SOAP,49000,49000,49000,49000,98000,98000,10002,10002,10002,10002,10002,10002,6,10002,10002,0,65333,0
6841586772,28610028,100630,( PROMO ) SASHA VITAMIN RAMBUT SASHA ORIGINAL 100% ( ECER ),699,-,-,699,-,-,258804,-,-,262003,-,-,2,258804,262003,3199,699,2236101
11927821438,8215248,100630,Ertos Facial Treatment New Series,-,-,-,-,-,32500,-,-,-,-,-,10000,1,10000,10000,0,32500,0
6405903510,9664631,100630,[BPOM] IMPLORA Eyebrow Pencil 2.5g | Soft Brow | Pensil Alis Serut Rautan,3000,3000,3000,3000,3000,3713,80609,80631,81084,81464,81891,82282,6,80609,82282,1673,3119,5217808
5867672805,48382819,100630,❤ BELIA ❤ XI XIU Face Serum Vitamin C | Anti Acne | Whitening Gold 20 ml Vit C | Anti Jerawat Xixiu,9300,9300,9300,9300,9300,9300,69039,69068,69852,70633,71368,72013,6,69039,72013,2974,9300,27658200
38635070,2211578,100630,Beauty blender/sponge telur,2799,-,-,-,-,-,219264,-,-,-,-,-,1,219264,219264,0,2799,0
7294689671,10960132,100630,Implora Promo Buy 3 Serum Wajah 20ML Free Pouch,35000,-,30000,30000,30000,30000,39865,-,41036,42161,43270,44032,5,39865,44032,4167,31000,129177000
7978730355,59763733,100630,Wardah Lightening Serum Ampoule 8 ml - Serum dengan 10X Advanced Niacinamide dan Bisabolol,15300,-,-,-,-,-,34557,-,-,-,-,-,1,34557,34557,0,15300,0
11920909172,186553407,100630,GLUTACID WHITENING BOOSTER Pemutih Kulit Alami Varian Kecil,-,25500,25500,25500,-,-,-,10028,10030,10032,-,-,3,10028,10032,4,25500,102000
9684432119,300102573,100630,AISH Brightening | Acne | Darkspot Serum Korea 100% Original BPOM,-,119000,119000,119000,119000,-,-,10007,10007,10007,10008,-,4,10007,10008,1,119000,119000
9682157299,409078219,100630,Paket Skincare Beauty Acne 4in1,380000,380000,380000,380000,380000,380000,10810,10810,10810,10810,10810,10810,6,10810,10810,0,380000,0
3955978421,142375820,100630,MS GLOW PAKET WAJAH ORIGINAL WHITENING | ACNE | LUMINOUS | ULTIMATE | PERAWATAN WAJAH MS GLOW,-,-,-,229999,229999,-,-,-,-,10169,10180,-,2,10169,10180,11,229999,2529989
988871641,744873,100630,Garnier Micellar Cleansing Water Pink | Blue | Bipase Oil | 400 ml | 125 ml | 50 ml,13500,-,-,-,13500,13500,84700,-,-,-,86194,86573,3,84700,86573,1873,13500,25285500
3395563220,474776801,100630,TERLARIS Serum Nature Reaction Crystal Bright Serum Wajah Glowing Bebas Jerawat & Flek Hitam,-,137000,137000,137000,137000,137000,-,14878,14878,14880,14880,14880,5,14878,14880,2,137000,274000
5359495727,1682705,100630,[BPOM] GARNIER COLOR NATURAL / GARNIER SACHET PEWARNA RAMBUT CREME RICHE DAN ULTRA COLOUR,9998,-,-,-,-,9998,38003,-,-,-,-,39534,2,38003,39534,1531,9998,15306938
6741722837,50226320,100630,PARFUM THAILAND PARFUM BAJU EDT PEWANGI BADAN 35ML,2900,2900,-,-,-,-,201597,201601,-,-,-,-,2,201597,201601,4,2900,11600
4494765468,380557388,100630,"{PERFECT BREAST MASK} Masker Pembesar & Pengencang Payudara Original, Terbukti & Trpercaya, Free JAM",-,19000,19000,19000,19000,-,-,10002,10002,10003,10003,-,4,10002,10003,1,19000,19000
9034089127,314989101,100630,GEAMOORE PARFUME BPOM  6 ML READY STOCK,6000,-,-,-,-,-,31823,-,-,-,-,-,1,31823,31823,0,6000,0
10621701491,282546219,100630,AISH SERUM WAJAH BRIGHTENING SERUM | ACNE SERUM | DARKSPOT SERUM,-,119000,119000,119000,119000,119000,-,10004,10004,10004,10004,10004,5,10004,10004,0,119000,0
9588716775,82446250,100630,COD CYSTIC ACNE MASK BPOM RI l Penghilang Jerawat Batu dan Bekas Jerawat Asli Original Alami Herbal,-,-,-,-,38789,-,-,-,-,-,10000,-,1,10000,10000,0,38789,0
7182645171,15624380,100630,MURAH - Pot cream 3gram jar wadah serum 3 gram/ kosmetik 3gr aneka warna,-,-,949,-,-,-,-,-,20273,-,-,-,1,20273,20273,0,949,0
5378779832,201071840,100630,Whitelab Mugwort Pore Clarifying Mask,-,78750,78750,78750,78750,74813,-,69714,70189,70524,70824,71079,5,69714,71079,1365,77963,106418949
5858666355,66664864,100630,COFFEE SCARLETT WHITENING  GLOWTENING SERUM/ CREAM - SERUM ACNE - SERUM BRIGHTLY EVER AFTER SCARLET,52500,-,-,-,-,-,50154,-,-,-,-,-,1,50154,50154,0,52500,0
3720435565,66946083,100630,[ACONE HOT SALE] 10gr Masker Gelatin Masker Komedo by Acone,2500,-,-,-,-,-,193976,-,-,-,-,-,1,193976,193976,0,2500,0
1394559998,186866,100630,(COD)SCARLETT WHITENING / SCARLET WHITENING SERUM ORIGINAL BPOM LULUR ROMANSA POME CHARMING FRESHY,55000,55000,55000,55000,55000,51999,394318,394362,395381,396117,396631,397339,6,394318,397339,3021,54500,164643996
8165796405,172614526,100630,[ FREE GIFT ] SERUM NR SERUM NATURE REACTION CRYSTAL BRIGHT SERUM PEMUTIH WAJAH OPTIMAL ORIGINAL,-,-,-,-,70000,70000,-,-,-,-,10268,10269,2,10268,10269,1,70000,70000
8614996266,6687248,100630,[isi 25] Kapas Toner / Kapas Tipis Make Up Karakter Motif / Kapas Wajah,1999,-,-,-,-,-,26741,-,-,-,-,-,1,26741,26741,0,1999,0
8059268566,451561136,100630,"POT 3GR CREAM JAR KRIM 3 GR AKRILIK  MURAH LARIS , TEMPAT KOIL , KOSMETIK PP BERKUALITAS",-,-,-,949,-,949,-,-,-,27688,-,28345,2,27688,28345,657,949,623493
8977360919,433007241,100630,Vivid Vogue Ready Stock catokan rambut /catokan curly otomatis Keramik Hair Curler 28mm,-,650000,-,-,-,-,-,9999,-,-,-,-,1,9999,9999,0,650000,0
5044217229,278765463,100630,parfum Misk thaharah musk taharah MISS tahara thoharoh GEAMOORE VSCENT ARAB 3ml misk KASTURI KIJANG,-,-,1073,1073,-,-,-,-,32559,32580,-,-,2,32559,32580,21,1073,22533
9584740498,482526302,100630,"PERFECT BREAST MASK, Masker Pembesar Payudara Secara Alami 100% Original",-,24225,24225,24225,24225,24225,-,10006,10006,10006,10006,10006,5,10006,10006,0,24225,0
9637032218,136712015,100630,AISH SERUM KOREA ORIGINAL BPOM | SERUM | AISH SERUM | AISH ACNE | AISH DARKSPOT | AISH BRIGHTENING,-,119000,-,-,119000,-,-,51258,-,-,51284,-,2,51258,51284,26,119000,3094000
5805433332,40847197,100630,MINISO Masker Wajah Serum Sheet Mask Peel Off Nature Hydrate Face Mask Organik Wanita,6900,6900,6900,6900,6900,6900,139205,139231,139757,140093,140539,140982,6,139205,140982,1777,6900,12261300
9171212589,50760838,100630,BPOM TRAVEL SIZE MASKER WAJAH ORGANIK BY LEA GLORIA 10GR TERMURAH,690,690,690,-,-,-,10106,10106,10106,-,-,-,3,10106,10106,0,690,0
7238839551,231799972,100630,OSM JKT F498 Cermin Bulat Karakter/Kaca Cermin Make Up Mini/Travelling Motif,746,-,746,746,746,-,97408,-,98486,100378,101656,-,4,97408,101656,4248,746,3169008
7056847774,321924145,100630,Hairmask creambath  Ala Salon (200gr),6500,-,-,-,-,-,51336,-,-,-,-,-,1,51336,51336,0,6500,0
5793168838,278565628,100630,Sepatula Masker Surabaya Good Quality,-,-,-,218,218,-,-,-,-,15519,15820,-,2,15519,15820,301,218,65618
8980586750,186553407,100630,GLUTACID WHITENING BOOSTER PAKET VARIAN,-,46000,-,46000,-,-,-,10058,-,10067,-,-,2,10058,10067,9,46000,414000
3732119965,255365082,100630,Scarlett Whitening Facial Wash,75000,-,75000,75000,75000,62250,95444,-,96078,96510,96819,97017,5,95444,97017,1573,72450,113963850
11221486378,474610295,100630,Japan Platinum Whitening | ecer,230000,-,-,-,-,-,8513,-,-,-,-,-,1,8513,8513,0,230000,0
4878056021,101585010,100630,Grace & Glow Black Opium Brightening - English Pear & Freesia Anti Acne Body Wash - Body Scrub,48000,48000,48000,48000,48000,48000,78248,78327,79556,80653,81640,82387,6,78248,82387,4139,48000,198672000
7519311640,48382819,100630,❤ BELIA ❤ HANASUI ✔️BPOM BOBA Mattedorable Lip Cream | dual function bibir blush on lip and cheek,18700,18700,18700,18700,18700,19450,233671,233706,234484,235557,236450,237347,6,233671,237347,3676,18825,69200700
6677574495,280479296,100630,SERUM AISH ACNE/DARKSPOT/BRIGHTENING(MIX VARIAN) | 100% ORIGINAL BPOM | AISH SERUM KOREA BEST SELLER,-,119000,119000,119000,-,119000,-,10009,10009,10010,-,10011,4,10009,10011,2,119000,238000
8736064689,402110126,100630,❤️ Pamelo ❤️ [ BPOM SALE ] SCARLETT Whitening Scrub | Lotion | Facial Wash Scarlet Whitening,55000,55000,55000,55000,55000,55000,50839,50869,51372,52050,52650,53359,6,50839,53359,2520,55000,138600000
4254169104,258640800,100630,TRAVEL SIZE BPOM Face Mask by Lea Gloria 10 gram / 10 GRAM TRAVEL SIZE LEA GLORIA MASKER ORGANIK,2250,2250,2250,2250,2250,2250,310531,310562,311468,312158,312764,313745,6,310531,313745,3214,2250,7231500
6957596851,317541313,100630,Parfum Thailand 35ML Banyak Varian,5250,5250,5500,5500,5500,5500,126230,126275,126834,127530,128376,129063,6,126230,129063,2833,5417,15345417
4848010305,48382819,100630,❤ BELIA ❤ MAKARIZO Hair Energy Creambath Sachet 15 30 60 mL | Fibertherapy,2900,2900,2900,2900,2900,2900,69108,69212,69855,70707,71192,71614,6,69108,71614,2506,2900,7267400
2005217366,74274855,100630,Botol Tester Kaca 3 ML,-,300,-,300,-,-,-,341353,-,343960,-,-,2,341353,343960,2607,300,782100
4938567928,86681009,100630,Innisfree Sheet Mask My Real Squeeze Baca Disclaimer Masker Innnisfree Wajah Masker Muka Korea,3600,3600,3600,3600,3600,3600,156416,156507,157570,158466,159000,159659,6,156416,159659,3243,3600,11674800
6347994173,20954624,100630,PARFUM THAILAND 35ML B PARFUM EDT,2900,2900,2900,2900,2900,2900,65417,65425,65828,66118,66566,66805,6,65417,66805,1388,2900,4025200
11320892525,409078219,100630,Paket Skincare Beauty Acne 5in1,400000,400000,400000,400000,400000,400000,10655,10655,10655,10655,10655,10655,6,10655,10655,0,400000,0
2985712925,501699312,100630,SIAP DIKIRIM Perfect Breast Mask ~ Masker Pembesar & Pengencang Payudara Terbaik,-,20500,-,-,-,-,-,10003,-,-,-,-,1,10003,10003,0,20500,0
9963491251,48382819,100630,❤ BELIA ❤ SYB NATUR90 Peel Off Mask Goat milk | Diamond | Gold | Charcoal Naturgo (✔BPOM) 10gr,1650,1650,1650,1650,1650,1650,31304,31352,31893,32359,32936,33487,6,31304,33487,2183,1650,3601950
7443620217,151204476,100630,[COD ]ROREC/HCHANA NATURAL SKIN CARE MASK,1990,1990,1999,1999,1999,1999,326826,326877,328164,329601,330235,332128,6,326826,332128,5302,1996,10582792
3795940364,174140461,100630,BAYAR COD AISH SERUM KOREA ORIGINAL 100% BPOM BRIGHTENING | ACNE | DARK SPOT,-,-,-,-,-,119000,-,-,-,-,-,11229,1,11229,11229,0,119000,0
7348687602,1644944,100630,WARDAH Lightening Face Toner / Day c / Night C / Facial Wash / Ampoule Serum,12300,-,-,-,-,-,49057,-,-,-,-,-,1,49057,49057,0,12300,0
6397213956,346945591,100630,(BISA COD) GLUTACID ORIGINAL-SUPLEMEN UNTUK PEMUTIH BADAN,-,-,-,-,139999,-,-,-,-,-,12000,-,1,12000,12000,0,139999,0
4739207723,256232347,100630,MIRANDA HAIR COLOR 30ML,8250,-,-,-,-,-,32704,-,-,-,-,-,1,32704,32704,0,8250,0
5968609309,319313415,100630,"pot cream/kemasan kosmetik/kemasan cream wajah kimura flat 12,5 gr-putih- Gold ( min.25pcs)",2450,-,-,-,-,-,41949,-,-,-,-,-,1,41949,41949,0,2450,0
3717535097,227890528,100630,Misk thaharah musk taharah tahara thoharoh ORIGINAL Parfum Miss VSCENT KASTURI KIJANG 3ML GEAMOORE,1072,-,-,-,-,-,65177,-,-,-,-,-,1,65177,65177,0,1072,0
4618121508,48382819,100630,❤ BELIA ❤ IMPLORA (✔️BPOM)  Cheek & Liptint 5.5g | lip tint implora,14600,14600,14600,14200,14600,14600,161072,161143,162847,163905,165060,166462,6,161072,166462,5390,14533,78334667
5554468579,39943822,100630,WARDAH UV Shield Sunscreen Gel SPF30 PA+++,26300,-,-,-,-,-,48803,-,-,-,-,-,1,48803,48803,0,26300,0
9675699676,18858666,100630,"BODY LOTION QUEENSI 100% 2 BOTOL ORIGINAL HANDBODY MENCERAHKAN KULIT, MEMUDARKAN BEKAS LUKA",179000,179000,-,-,-,-,10000,10000,-,-,-,-,2,10000,10000,0,179000,0
3243882095,82675985,100630,Kuas Bulu Mata Premium Pembentuk Alis Make Up Bulu Mata Dua Sisi Bergaya K03,-,-,-,-,-,3900,-,-,-,-,-,47772,1,47772,47772,0,3900,0
9278388442,477673676,100630,[LANGSUNG KIRIM] Oxterwhite Original Pemutih Ketiak Lipatan Kulit Gelap Pemutih Wajah Lainya,-,-,-,-,60500,-,-,-,-,-,10004,-,1,10004,10004,0,60500,0
5996657531,503625901,100630,{GLUTACID} Mampu Memutihkan dan Menghaluskan Kulit Herbal Alami Paket Varian,-,22550,-,-,-,-,-,10000,-,-,-,-,1,10000,10000,0,22550,0
8679399375,173299851,100630,(TERMURAH) PAKET SKINCARE EGLOW PLATINUM / EGLOW PLATINUM BPOM ORIGINAL,-,-,-,-,-,90000,-,-,-,-,-,10055,1,10055,10055,0,90000,0
7982873306,243477967,100630,Masker Wajah Organik By Lea Gloria 10gr BPOM Travel Size Face Mask Masker Muka Bubuk 10 gram Murah,-,2999,2999,2999,2999,-,-,19641,19680,19696,19754,-,4,19641,19754,113,2999,338887
2774120593,28610028,100630,SASHA VITAMIN RAMBUT SASHA ORIGINAL 100% (ECER) / PERAWATAN RAMBUT RUSAK,699,699,699,699,699,699,654871,655064,656931,658499,660045,661412,6,654871,661412,6541,699,4572159
11120707834,273152776,100630,Masker Organik by Lea Gloria | Masker Bubuk by Lea Gloria Travel Size 10gr,-,-,-,-,-,1900,-,-,-,-,-,14816,1,14816,14816,0,1900,0
3830825360,78668069,100630,Exstra Lentik dan Tebal Bulu mata tanam Knot Free Eyelash exstension [COD],-,-,-,5999,-,-,-,-,-,161421,-,-,1,161421,161421,0,5999,0
8975411097,470230152,100630,[BARANG READY]. SUPER WEIGHT GAIN KAPSUL PENGGEMUK BADAN TERBUKTI MENAMBAH BERAT !!,-,-,24000,24000,24000,24000,-,-,10007,10007,10009,10009,4,10007,10009,2,24000,48000
11723899084,127597948,100630,Scarlett Whitening BPOM SALE 100% RESMI ORIGINAL SCARLET SCARLETT BY FELICYA ANGELISTA,-,55000,55000,-,-,-,-,10005,10005,-,-,-,2,10005,10005,0,55000,0
5595012519,310038106,100630,Beauty In The Pot Skincare BPOM Serum Pemutih Wajah Glowing 1 PAKET Lengkap Whitening Bpom Ampuh,199000,199000,199000,199000,-,199000,10341,10341,10341,10341,-,10341,5,10341,10341,0,199000,0
4938842006,265629595,100630,Reseller Welcome -  F498 Cermin Bulat berkarakter/Kaca Cermin Make Up Mini/Travelling Pack/sovenir,797,-,-,-,797,-,93470,-,-,-,94666,-,2,93470,94666,1196,797,953212
5163527300,227890528,100630,PARFUM ZODIAK LAVIUNA ZODIAC 30 ML BOX,-,14250,14250,14250,14250,14250,-,65345,65346,65350,65352,65357,5,65345,65357,12,14250,171000
5643898510,208083613,100630,[ Promo ] INNISFREE MY REAL SQUEEZE SHEET MASK 23ML / MASKER INNISFREE,3750,3750,3750,3750,3750,3750,142357,142411,143061,143981,144700,145406,6,142357,145406,3049,3750,11433750
11624373339,18935363,100630,Paket Ms Glow Whitening Acne Gift Cream Pemutih Wajah Glowing Solusi Jerawat Flek Hitam Kecantikan,-,-,-,220000,220000,-,-,-,-,10222,10223,-,2,10222,10223,1,220000,220000
9185504191,300102573,100630,TROPICAL SENSATIANS TINTED LIP BALM BPOM ORIGINAL 100%,35000,35000,35000,35000,35000,-,10004,10004,10004,10005,10006,-,5,10004,10006,2,35000,70000
9061147204,8901630,100630,DNM Automatic Eyebrow / Pensil Alis Anti Air etude Pensil Alis Putar Drawing / Eyeliner,5000,-,-,-,-,-,19187,-,-,-,-,-,1,19187,19187,0,5000,0
8036741113,402110126,100630,❤️ Pamelo ❤️ Scarlett Whitening BPOM SALE 100% RESMI ORIGINAL SCARLET SCARLETT BY FELICYA ANGELISTA,55000,55000,55000,55000,55000,55000,82764,82821,84112,85885,87611,89447,6,82764,89447,6683,55000,367565000
10010685215,172614526,100630,[FREE TAS] KINSGLOW SKINCARE PAKET GLOWING DAN PEMUTIH WAJAH ORIGINAL,-,-,-,-,30000,30000,-,-,-,-,10148,10148,2,10148,10148,0,30000,0
4217918327,226556990,100630,ORIGINAL ROREC / HCHANA NATURAL SKIN CARE MASK SHEET MASKER TISU ROREC HCHANA,-,1990,-,1990,1990,-,-,45727,-,46727,46986,-,3,45727,46986,1259,1990,2505410
6894748297,490198731,100630,TERLARIS! PERFECT BREAST MASK ~ Masker Pembesar & Pengencang Payudara Terbaik Bikin Montok dan Ampuh,-,-,24700,24700,24700,-,-,-,10000,10000,10001,-,3,10000,10001,1,24700,24700
4508141622,48382819,100630,"❤ BELIA ❤ Scarlett Whitening Body Lotion, Shower Scrub, Body Scrub, Serum, Facial Wash SCARLET BPOM",55000,55000,55000,55000,55000,55000,220320,220405,222126,223818,225436,227088,6,220320,227088,6768,55000,372240000
5413001082,11143438,100630,ACONESKIN MASKER ORGANIK PETAL BY ACONESKIN MASKER ACONESKIN,1800,1800,1800,1800,1800,1800,310286,310391,311987,314034,315736,316968,6,310286,316968,6682,1800,12027600
5036083592,744873,100630,Hanasui Mattedorable Lip Cream | Matte Dorable LipCream Lipstick Cair Mate Hanasui | BOBA EDITION,18700,18700,18700,18700,18700,19000,69462,69481,70094,70866,71476,72163,6,69462,72163,2701,18750,50643750
9982157504,409078219,100630,Paket Skin Care Skincare Cream Krim Farma WDC Pemutih Wajah Whitening Glowing Original BPOM Murah A2,50000,50000,50000,50000,50000,-,10573,10573,10573,10573,10573,-,5,10573,10573,0,50000,0
3059551066,255365082,100630,Scarlett Whitening Glowtening Serum,75000,75000,75000,75000,75000,62250,36690,36745,37568,38154,38579,38863,6,36690,38863,2173,72875,158357375
6719269021,35017261,100630,IMPLORA Cheek & Lip Tint Model Ice Cream - Set Liptint & Pemerah Pipi,-,-,-,-,14780,14780,-,-,-,-,103509,104839,2,103509,104839,1330,14780,19657400
3351534647,297936971,100630,JKSNASEMKA22 - EYELINER PENCIL FRS /YOUNG & BEAUTY WATERPROOF,-,-,999,-,-,-,-,-,122292,-,-,-,1,122292,122292,0,999,0
9813741494,235622434,100630,【CT】 O'sumer 2IN1 kutek Korea Lucu 2 Warna Gel Nail polish #SR 10,8799,8799,8799,8788,8789,7999,57161,57220,58152,59589,60924,62427,6,57161,62427,5266,8662,45614970
11822999019,8215248,100630,scarlett / scarlet whitening SERUM ANTI ACNE jerawat wajah skincare BPOM treatment scarlet scarlett,55000,55000,55000,55000,55000,55000,10000,10000,10000,10000,10000,10000,6,10000,10000,0,55000,0
5279977910,241623354,100630,Bule Collagen Body Scrub BPOM HALAL MUI,19999,-,-,-,-,-,48392,-,-,-,-,-,1,48392,48392,0,19999,0
7740600811,29785647,100630,(READY) SCARLETT WHITENING SERUM & CREAM - SCARLETT CREAM ACNE - SERUM BRIGHTLY EVER AFTER DAY NIGHT,55000,-,-,-,-,-,154534,-,-,-,-,-,1,154534,154534,0,55000,0
8603460664,37321157,100630,[10gr] KEMASAN BARU TRAVEL SIZE LEA GLORIA Masker 10gr Original BPOM - Masker Bubuk Mini Mask,-,2250,-,2250,-,-,-,30873,-,31005,-,-,2,30873,31005,132,2250,297000
5443977315,275812668,100630,SUDAH BPOM PARFUM MISK THAHARAH MISS V AL MUSK THAHARA 3 ML ORIGINAL 100% SAUDI ARABIAN TAHARA,-,1200,1200,-,-,1200,-,11140,11152,-,-,11172,3,11140,11172,32,1200,38400
8679035480,380557388,100630,"[BISA COD] Perfect Breast Mask, Masker Pembesar & Pengencang Payudara, 100% Original, Free JAM",-,19000,-,19000,19000,-,-,10001,-,10002,10003,-,3,10001,10003,2,19000,38000
8981683491,490043215,100630,PERFECT BREAST MASK  ~ Masker Pembesar & Pengencang Payudara Terbaik,-,-,-,59999,59999,59999,-,-,-,10006,10007,10008,3,10006,10008,2,59999,119998
11722603239,227890528,100630,SABUN PEMUTIH BADAN perawatan whitening body wash lotion ampuh putih memutihkan bpom glowing,3300,3300,3300,3300,3300,3300,12001,12001,12001,12003,12004,12004,6,12001,12004,3,3300,9900
1924073913,94309880,100630,Madame Gie Magnifique Lip Liquide Matte Nude Series - MakeUp Lip Cream Lipstik,20930,20930,20930,13500,13500,17000,246739,246774,247360,247909,248333,248749,6,246739,248749,2010,17798,35774650
3605986592,9664631,100630,HANASUI Serum Whitening Gold/ Vitamin C + Collagen/ Anti Acne/ Men Bright Rich Propolis Intense,11550,-,-,-,-,-,99451,-,-,-,-,-,1,99451,99451,0,11550,0
5390391404,8901630,100630,EYELINER DNM waterproof eyeliner pen pencil tahan lama hitam ORIGINAL,5000,5000,5000,5000,5000,5000,24331,24362,24819,25467,26162,26783,6,24331,26783,2452,5000,12260000
8985321466,500968387,100630,PROMO !! Heelwa Saffron Super Negin Grade A Bersertifikat,120,-,-,-,-,-,7000,-,-,-,-,-,1,7000,7000,0,120,0
2811593578,10463811,100630,(cod) TERMURAH ORIGINAL Wardah Lip Cream Exclusive Matte Cair Lipcream terlaris,25900,25900,25900,25900,25900,25900,87639,87661,88091,88635,89071,89544,6,87639,89544,1905,25900,49339500
5762790292,178585160,100630,HB Anggur Klobe 4001 / HB ANGGUR / HB ANGGUR GELL / HB ANGGUR FULL KLOBE,-,-,25000,25000,-,-,-,-,83480,83515,-,-,2,83480,83515,35,25000,875000
5652533310,48382819,100630,❤ BELIA ❤ Masker Bubuk by LEA Gloria 10g Travel Size  ✔️BPOM 10 gram mini,2250,2250,2250,2250,2250,2250,380651,380692,381389,382082,382602,383099,6,380651,383099,2448,2250,5508000
2175220402,35017261,100630,IMPLORA Urban Lip Cream Matte Original BPOM - Lipcream Surabaya,14700,14700,14700,14700,14700,14700,1048992,1049015,1050522,1052150,1053478,1054996,6,1048992,1054996,6004,14700,88258800
8715405242,292054899,100630,NATURE REACTION CRYSTAL BRIGHT SERUM |NATURE REACTION CRYSTAL SERUM NATURE REACTION SERUM 100% ORI,-,137000,-,-,-,-,-,26690,-,-,-,-,1,26690,26690,0,137000,0
5632970025,62582411,100630,Maybelline Fit Me 12-Hour Oil Control Powder Make Up (Bedak Padat Untuk Bebas Minyak Hingga 12 Jam),65000,65000,66600,57800,57800,58400,148825,148853,149175,149420,149640,149868,6,148825,149868,1043,61767,64422633
7658713227,48382819,100630,❤ BELIA ❤ NIVEA Deodorant Roll On | 25 | 50 | Men | Women | Whitening Pearl Beauty Silk Touch Hijab,7800,7800,7800,7800,8500,8500,85504,85543,86086,86572,87033,87443,6,85504,87443,1939,8033,15576633
4995772037,244546432,100630,PROMO!!! PERFECT BREAST MASK Masker Pembesar Payudara Serta Mengencangkan Payudara Terbaik! 20 HARI,-,174999,174999,174999,174999,174999,-,10000,10000,10000,10000,10000,5,10000,10000,0,174999,0
1062907383,64600168,100630,SPIRULINA ORGANIK KAPSUL (ECER),-,165,-,-,165,-,-,15555545,-,-,15556914,-,2,15555545,15556914,1369,165,225885
1834331910,48382819,100630,❤ BELIA ❤ Implora (✔️BPOM) Pensil Alis 2.5 gram ( soft eyebrow pencil ),3850,3850,3850,3850,3800,3850,411475,411518,412917,414191,415373,416555,6,411475,416555,5080,3842,19515667
6021182904,26738823,100630,MS GLOW Paket/Ecer Day Krim/Whitening Night Cream Luminous Malam Ultimate Toner Acne Sabun/Men/Serum,-,43000,50000,32000,32000,49999,-,48844,49266,49681,50023,50335,5,48844,50335,1491,41400,61727102
9112685526,136341375,100630,✨ AKU MURAH ✨Bule Collagen Brightening Body Scrub,19999,-,-,19999,19999,18999,23641,-,-,24756,25250,25594,4,23641,25594,1953,19749,38569797
4333394326,10038104,100630,[TERMURAH SESHOPEE!] KEMASAN BARU MASKER WAJAH ORGANIK BY LEA GLORIA 20GR ORGANIC MASK 20 GR GRAM,650,650,650,650,650,650,188678,188774,190378,191399,192174,193500,6,188678,193500,4822,650,3134300
1564990160,48382819,100630,❤ BELIA ❤ Air Mawar Viva 100ml,4350,-,-,-,-,4350,206692,-,-,-,-,208350,2,206692,208350,1658,4350,7212300
4983629468,48382819,100630,❤ BELIA ❤ Shinzui Body Scrub 120 g (Kecil) & 200g (Besar) | Lulur Badan Shinzu'i,-,8500,8500,8500,8500,8450,-,39817,40399,40885,41398,41966,5,39817,41966,2149,8490,18245010
920397632,56158988,100630,Misk thaharah BPOM musk taharah  misk tahara misk thoharoh 100% ORIGINAL 3ml,7500,7500,7500,7500,7000,7000,197473,197576,198464,199410,200616,201399,6,197473,201399,3926,7333,28790667
9771221633,50760838,100630,BPOM MASKER WAJAH ORGANIK BY LEA GLORIA 20GR,720,720,720,-,-,-,10015,10015,10015,-,-,-,3,10015,10015,0,720,0
11721803534,476721649,100630,PS GLOW SKINCARE WHITENING SERIES BONUS POUCH PSGLOW PAKET GLOWING SKIN CARE MENCERAHKAN WAJAH,-,285000,285000,285000,285000,285000,-,10104,10104,10104,10104,10105,5,10104,10105,1,285000,285000
3465065099,156575945,100630,KONEKTOR MASKER RAINBOW 2 IN 1 / TALI MASKER HIJAB / STRAP MASKER,9450,9450,9450,9450,9450,9450,19282,19294,19677,20017,20271,20640,6,19282,20640,1358,9450,12833100
6877530561,258640800,100630,(TERMURAH) PHILOCALY SKIN PEEL OFF MASK ORIGINAL 10 GRAM / PHILOCALY BPOM,3342,3342,3342,3342,3342,3342,191809,191834,192501,193345,194101,194926,6,191809,194926,3117,3342,10417014
2643165550,39323272,100630,Masker Bubuk by LEA Gloria 10g Travel Size (Face Mask Lea) BPOM 10gram mini Masker Wajah,1000,1000,1000,1000,1000,1000,46524,46558,47446,48244,48779,49782,6,46524,49782,3258,1000,3258000
9625297334,401290552,100630,Hasil Maksimal Pencerah Wajah Pencerah Wajah Pria Cream Pencerah Wajah BPOM Terbaik Permanen Halal,-,-,-,-,109000,-,-,-,-,-,10344,-,1,10344,10344,0,109000,0
7818297491,8575059,100630,Miranda Hair Color / Semir Rambut 30ml,4000,-,-,-,-,-,41819,-,-,-,-,-,1,41819,41819,0,4000,0
7870158678,2211578,100630,PENJEPIT BULU MATA GALENCO,2440,-,-,-,-,-,123265,-,-,-,-,-,1,123265,123265,0,2440,0
7178131065,48382819,100630,❤ BELIA ❤ Garnier Yoghurt Sleeping Mask | Light Complete | Sakura White Whitening Serum Cream 7mL,3300,-,-,-,-,-,48146,-,-,-,-,-,1,48146,48146,0,3300,0
4794305967,487316807,100630,DEODORANT SPRY BUY 1  GET 1 PENGHILANG BAU KETIAK PEMUTIH KETEK MENCERAHKAN KETIAK ANTI BAU BADAN,80000,80000,-,-,-,-,10084,10084,-,-,-,-,2,10084,10084,0,80000,0
7823507134,94309880,100630,Madame Gie Mini Ready Peel Off Mask - Masker Peel Off - Masker Wajah,3000,3000,3000,3000,3000,1700,405470,405535,406630,407935,408676,409288,6,405470,409288,3818,2783,10626767
4358676129,66664864,100630,"NEW Scarlett KOPI COFFEE Whitening Body Lotion, Shower Scrub, Body Scrub, Serum, Facial Wash SCARLET",52500,52500,52500,52500,52500,52500,40907,40925,41259,41661,41976,42223,6,40907,42223,1316,52500,69090000
6344329006,284315645,100630,Divine Super Sale!! Kuku Palsu 24pcs/Set Fashion Acrylic short design Nail Art,1500,1500,1500,1500,1500,1500,126309,126334,126781,127130,127488,127763,6,126309,127763,1454,1500,2181000
8215240878,386942423,100630,Aish Acne care serum merawat kulit berjerawat,-,119000,119000,119000,-,119000,-,11008,11008,11008,-,11009,4,11008,11009,1,119000,119000
10221835270,174140461,100630,BAYAR COD AISH | SERUM AISH | AISH SERUM ACNE/ BRIGHTENING/ DARK SPOT ASLI KOREA 100% Ori,-,-,-,-,-,119000,-,-,-,-,-,11285,1,11285,11285,0,119000,0
8880993406,494442221,100630,Alpha Rules Dirt Off Body Wash Sabun Mandi Cair Perawatan Tubuh badan Pria Cowok Original BPOM,-,175000,175000,-,-,-,-,9538,9539,-,-,-,2,9538,9539,1,175000,175000
6154295246,62582411,100630,[Special Promo] Maybelline Color Sensational Lips Random Shades,199000,199000,-,-,-,-,19940,19940,-,-,-,-,2,19940,19940,0,199000,0
11713038491,451625282,100630,ALPHARULES DIRT OFF HEADS UP sabun shampoo shampo anti ketombe mandi cair pria ALPHA RULES original,329000,-,-,-,-,-,7205,-,-,-,-,-,1,7205,7205,0,329000,0
8684203121,360089737,100630,COD ~ AISH SERUM ORIGINAL 100% BPOM SERUM ACNE / SERUM BRIGHTENING / SERUM DARKSPOT KOREA,-,119000,119000,119000,119000,119000,-,10003,10003,10005,10006,10006,5,10003,10006,3,119000,357000
3658077988,206370735,100630,Spatula Masker / Spatula Cosmetic Spatula Kosmetik make up kecantikan Murah,-,-,-,170,-,-,-,-,-,108887,-,-,1,108887,108887,0,170,0
1108301442,39283823,100630,NIVEA Deodorant Invisible Black & White Roll-On Male 25 ml,8800,-,-,-,-,-,45679,-,-,-,-,-,1,45679,45679,0,8800,0
8302533551,213983237,100630,Parfum Thailand 35ML kualitas terbaik,5250,-,-,-,-,-,58644,-,-,-,-,-,1,58644,58644,0,5250,0
11918223811,423900458,100630,Vivid Vogue Original Mini Catokan Rambut Mini Perawatan Rambut Curly Rambut 2in1 Pengeriting Rambut,198000,198000,198000,-,-,-,9902,9902,9902,-,-,-,3,9902,9902,0,198000,0
8100086780,84468521,100630,parfume thailand HALAL 35ml TERBAIK No 01  inspired parfume,3000,-,-,-,-,-,75298,-,-,-,-,-,1,75298,75298,0,3000,0
3155846664,88352679,100630,SABUN SAFRON ALEYA BPOM  SABUN SAFFRON ALEYA SABUN WAJAH ALEYA SABUN GLOWING ORIGINAL 100%,-,-,7500,-,-,-,-,-,11739,-,-,-,1,11739,11739,0,7500,0
3157541734,4226907,100630,HCHANA MASKER TOPENG / HCHANA NATURAL SKIN CARE MASK / MASKER WAJAH,1823,1823,1823,1823,-,-,95895,95970,96058,96249,-,-,4,95895,96249,354,1823,645342
541734403,17566419,100630,MS GLOW Skin care,60000,60000,60000,60000,60000,60000,238103,238157,239076,239874,240626,241378,6,238103,241378,3275,60000,196500000
7532028281,255365082,100630,Scarlett Whitening Paket Hemat 5 Item,300000,-,300000,300000,300000,290000,175220,-,175586,175821,176025,176192,5,175220,176192,972,298000,289656000
3645600341,43133620,100630,Pot Cream 12.5 gr Putih Gading Bawah Polos List Gold,-,-,1150,1150,-,1170,-,-,121972,122377,-,123572,3,121972,123572,1600,1157,1850667
7746669998,19930464,100630,Spatula Masker / Sendok Masker Termurah. TEBAL HALUS ( 10 WARNA),-,180,180,180,-,180,-,712687,715859,719747,-,725475,4,712687,725475,12788,180,2301840
5969149049,310417610,100630,"TRUEVE NIACINAMIDE 10% & CERAMIDE Brightening Serum 30 ML , Serum Wajah",147000,147000,147000,147000,147000,136710,49973,49995,50402,50808,51136,51453,6,49973,51453,1480,145285,215021800
5250502024,278170869,100630,24PCS/SET Simulasi Lem Alpukat Memakai kuku palsu R Perawatan Kuku Palsu,9424,9424,9424,9424,9424,9424,93314,93348,94319,95113,96086,96921,6,93314,96921,3607,9424,33992368
8680375110,490043215,100630,GLUTACID 100% DI JAMIN ASLI WHITENING BOOSTER ORIGINAL ADA KAPSUL PUTIH DAN HOLOGRAMNYA,-,-,-,129999,129999,129999,-,-,-,10001,10001,10001,3,10001,10001,0,129999,0
6448026370,258375565,100630,READY SIAP KIRIM‼️ LIPPIE SERUM BY RAECCA (BACA KOLOM DESKRIPSI‼️),-,44100,44100,-,44100,-,-,10839,10840,-,10846,-,3,10839,10846,7,44100,308700
6948556450,284131286,100630,Serum Ampuh Penghilang Bekas Jerawat Flek Hitam Merah Bopeng Punggung Pria / Wanita,-,65000,65000,65000,65000,65000,-,10375,10375,10376,10378,10378,5,10375,10378,3,65000,195000
384772043,8666744,100630,Misk taharah BPOM Misk Thaharah Misk Thoharoh misk tahara,7500,7500,-,-,-,-,73722,73755,-,-,-,-,2,73722,73755,33,7500,247500
618845262,2211578,100630,KUAS MASKER,899,-,-,-,-,-,1187922,-,-,-,-,-,1,1187922,1187922,0,899,0
2124762882,104955586,100630,Parfum perempuan parfum laki laki PARFUM THE BODYSHOP BLACK MUSK BODY MIST 100ML ORIGINAL REJECT,-,53000,53000,53000,-,53000,-,10382,10384,10388,-,10393,4,10382,10393,11,53000,583000
7448571523,300598841,100630,Request Perfume Costum by Terminal Perfume Bandung,-,-,-,-,75000,-,-,-,-,-,10024,-,1,10024,10024,0,75000,0
2402140242,160197424,100630,BPOM MISK THAHARAH ORIGINAL 3ml Parfum Miss V Miss thaharah Kasturi Misk tharaharah VSCENT Parfum,7500,7500,7500,7500,7500,6975,100444,100530,101542,102358,103016,103599,6,100444,103599,3155,7412,23386438
8075734275,94309880,100630,Madame Gie Lip Matte +62 - Make Up Lipstick | Lip Cream,9900,9900,9900,9900,9900,10000,14825,14861,15258,15741,16114,17622,6,14825,17622,2797,9917,27736917
10514258109,22291732,100630,BEDAK LOTONG BUBUK/LULUR BEDDA LOTONG / BEDAK LOTONG / LULUR VIRAL 45gram,-,4299,-,4299,4299,-,-,14034,-,14467,14584,-,3,14034,14584,550,4299,2364450
3671631776,94309880,100630,Madame Gie Blending Sponge - MakeUp Beauty Blender Spons,8000,-,-,-,-,-,93156,-,-,-,-,-,1,93156,93156,0,8000,0
6051080701,107395930,100630,FEALI 2IN1 KUTEK HALAL KUTEKS 2 TONE KUTEK KOREA Cat Kuku muslimah Gel Nail polish - Pretty Mart,8999,8999,8999,8999,8999,7999,307591,307641,308255,308891,309685,310415,6,307591,310415,2824,8832,24942509
11613931783,88335714,100630,Body Serum Kedas Beauty Brightening Body Serum Memutihkan Kulit BPOM ORIGINAL HOLOGRAM,98099,98099,-,-,98099,-,10000,10000,-,-,10001,-,3,10000,10001,1,98099,98099
3695798794,280572114,100630,Ree derma Hot oil wellness  serum minyak Penumbuh rambut 60ml free gift kirim hsri ini,-,-,-,100000,100000,-,-,-,-,10142,10146,-,2,10142,10146,4,100000,400000
3562301198,11143438,100630,ORGANIC OAT PREMIUM MASK MASKER YOURA 10GR,1125,-,-,-,-,-,71847,-,-,-,-,-,1,71847,71847,0,1125,0
9877367776,433007241,100630,Ready Stock Vivid Vogue Catokan Rambut Curly Automatic Hair Curler 3rd Generation 32mm,-,309000,-,-,-,-,-,10008,-,-,-,-,1,10008,10008,0,309000,0
1920039220,19847215,100630,BPOM PENSIL ALIS IMPLORA - Brown | Black | Grey Brown | Silver | Dark Brown,3650,-,-,-,-,-,191874,-,-,-,-,-,1,191874,191874,0,3650,0
7776066889,164684196,100630,Misk Thaharah Original Souvernir Pernikahan isi 3ml,7000,7000,7000,7000,7000,7000,40336,40387,40952,41248,41700,42031,6,40336,42031,1695,7000,11865000
10722827144,393295074,100630,PROMO | SERUM AISH ORIGINAL 100% KOREA | SERUM AIS ACNE/ SERUM AISH DARKSPOT/ SERUM AISH BRIGHTENING,-,119000,119000,119000,-,-,-,9242,9243,9243,-,-,3,9242,9243,1,119000,119000
6937393025,744873,100630,Miranda Hair Colour 30gr | Cat Rambut Miranda,8800,-,-,-,-,8800,44660,-,-,-,-,46208,2,44660,46208,1548,8800,13622400
4283025631,14318452,100630,Vaseline Lip Balm Pelembab Bibir Pencerah Bibir Rosy Tinted 10G Lip Care,24700,-,-,-,-,-,37183,-,-,-,-,-,1,37183,37183,0,24700,0
1204901404,39283823,100630,NIVEA Crème Soft Jar 50 ml,-,13000,12000,12000,-,-,-,86177,86243,86307,-,-,3,86177,86307,130,12333,1603333
8572542210,284131286,100630,Hair Serum Rambut Rontok Kering Rusak Ketombe Parah Penumbuh Ampuh Cepat,-,99000,99000,99000,99000,-,-,10010,10013,10015,10015,-,4,10010,10015,5,99000,495000
7495295926,3774076,100630,IMPLORA SERUM WAJAH - IMPLORA FACE SERUM,23000,23000,23000,23000,23000,23000,13478,13563,14741,15903,16922,18175,6,13478,18175,4697,23000,108031000
8516028799,227890528,100630,Parfum By Indowangi Parfum Switsbaby OriginaI 30ML FREE POUCH 12 Parfum Wanita Parfum bayi Bpom,-,-,5750,5750,-,-,-,-,70703,70723,-,-,2,70703,70723,20,5750,115000
11001145481,255365082,100630,Scarlett Whitening Body Lotion Jolly,75000,75000,75000,75000,75000,62250,64010,64088,65123,65871,66363,66701,6,64010,66701,2691,72875,196106625
5552450133,280479296,100630,SERUM AISH ACNE/DARKSPOT/BRIGHTENING(MIX VARIAN) | 100% ORIGINAL BPOM | AISH SERUM KOREA BEST SELLER,-,119000,119000,119000,-,119000,-,10006,10006,10006,-,10006,4,10006,10006,0,119000,0
3251849871,11143438,100630,[BUY 1 GET [1] 10GR LEA GLORIA MASKER LEA MASKER LEA GLORIA MASKER ORGANIK LEA TRAVEL MASKER WAJAH,349,349,349,349,349,349,1022141,1022290,1029109,1035698,1041961,1048737,6,1022141,1048737,26596,349,9282004
9459633503,233425173,100630,Jordan Toothbrush Sikat Gigi Jordan Anak Semua Varian / Step 1 / Step 2 / Step 3 (bukan oral B),-,12000,12000,-,-,12000,-,10022,10023,-,-,10027,3,10022,10027,5,12000,60000
9818088604,4128900,100630,Masker KN95 Mouson Putih ECER/ KN95 5ply,-,1450,1450,1450,1450,1450,-,26925,27073,27284,27359,27611,5,26925,27611,686,1450,994700
11812989497,375565670,100630,Espio Sabun Collagen Memutihkan Kulit Wajah & Seluruh Badan Original 100% BPOM,49000,49000,49000,-,98000,98000,10000,10000,10000,-,10000,10001,5,10000,10001,1,68600,68600
7756054083,3774076,100630,[ 10GR ] MASKER BUBUK MINI BY LEA GLORIA TRAVEL SIZE BPOM - FACE MASK,2100,2100,2100,2100,2100,2100,116287,116326,117240,117867,118634,119503,6,116287,119503,3216,2100,6753600
8502235102,48382819,100630,❤ BELIA ❤ IMPLORA Nail Polish (NEW) (✔️BPOM) Kutek Red|Clear|Nudes| TOLONG BACA DESKRIPSI DAHULU,3900,-,3900,3900,3900,3900,77242,-,77995,78468,78990,79702,5,77242,79702,2460,3900,9594000
7043198105,3278276,100630,Luxcrime Blur & Cover Two Way Cake in Custard,116100,-,-,-,-,-,60746,-,-,-,-,-,1,60746,60746,0,116100,0
7833161273,152967246,100630,Botol PVC Antis 30ml 30 ml Fliptop Super Bening Clear - Hand Sanitizer Murah,-,955,-,-,-,-,-,319704,-,-,-,-,1,319704,319704,0,955,0
11119530917,310038106,100630,Beauty In The Pot 1 PAKET Kecantikan Skincare Brightening Face Serum Wash Day Night Cream Krim Crem,-,-,199000,199000,199000,-,-,-,10253,10254,10254,-,3,10253,10254,1,199000,199000
8178527755,490297447,100630,GLUTACID} Mampu Memutihkan dan Menghaluskan Kulit Herbal Alami 100%Original-Free Ongkir-COD,-,27400,27400,27400,27400,27400,-,10003,10003,10003,10004,10004,5,10003,10004,1,27400,27400
3545378059,107547574,100630,(TUBE) lem bulu mata palsu 1 g tube warna hitam glue  made in korea eyelash adhesive latex 1ml,-,2600,-,-,-,-,-,88985,-,-,-,-,1,88985,88985,0,2600,0
2683537137,744873,100630,HANASUI Serum Vit C + Collagen | Serum Anti Acne | Serum Vitamin C | Whitening GOLD | BRIGHT SERUM,12000,-,-,-,-,-,75108,-,-,-,-,-,1,75108,75108,0,12000,0
4896219600,58795931,100630,PS GLOW SKINCARE PSGLOW SKIN CARE PAKET WHITENING SERIES ORIGINAL PAKET KECANTIKAN MENCERAHKAN WAJAH,285000,285000,-,285000,285000,-,11000,11000,-,11000,11000,-,4,11000,11000,0,285000,0
7754704998,10038104,100630,[TERMURAH SESHOPEE!] TRAVEL SIZE MASKER WAJAH ORGANIK BY LEA GLORIA 10GR ORGANIC MASK 10 GR GRAM,350,350,350,350,350,345,925766,926082,931347,934690,938106,942876,6,925766,942876,17110,349,5974242
10316834175,255365082,100630,Scarlett Whitening Free Gift - Pouch,9999999,-,-,-,-,-,7275,-,-,-,-,-,1,7275,7275,0,9999999,0
11816839383,255365082,100630,Scarlett Whitening Mini Size Glowtening Serum,9999999,9999999,-,-,-,-,22876,22888,-,-,-,-,2,22876,22888,12,9999999,119999988
9777194142,474610295,100630,Nabota 100 ui | original 100%,800000,-,-,-,-,-,6951,-,-,-,-,-,1,6951,6951,0,800000,0
5738247117,94309880,100630,Madame Gie Always On Lip Cream - MakeUp Lip Cream Lipstik,12500,-,-,-,15000,15000,343720,-,-,-,345728,346381,3,343720,346381,2661,14167,37697500
9740881384,201299883,100630,[PROMO] Masker Wajah Topeng Innisfree Real Squeeze Sheet mask 23 ML,3300,-,-,-,3600,3600,25674,-,-,-,27054,27522,3,25674,27522,1848,3500,6468000
3920025120,48382819,100630,❤ BELIA ❤ MADAME GIE Eyeready Liner & Eye Wing It Lady Liner 1g | eyeliner waterproof spidol,17000,-,-,-,-,-,53405,-,-,-,-,-,1,53405,53405,0,17000,0
4196082701,500282245,100630,MS GLOW PAKET KECANTIKAN ORIGINAL,-,270000,270000,270000,-,-,-,10003,10003,10003,-,-,3,10003,10003,0,270000,0
9879981410,310038106,100630,Beauty In The Pot 1 PAKET Skincare Brightening Day Night Krim Krem Cream Crem Facial Wash Serum BPOM,199000,199000,-,-,199000,-,10246,10246,-,-,10247,-,3,10246,10247,1,199000,199000
7913114093,19262444,100630,ROREC HCHANA Masker Wajah Korea Nature Republic Sheet Mask Skincare Pemutih Glowing Gratis Ongkir,985,985,1190,1190,1190,1190,225235,225290,226462,227724,228779,229646,6,225235,229646,4411,1122,4947672
5402619846,27429605,100630,Spatula Mini Ukuran 5 cm Spatula Masker Spatula Cosmetic Spatula Kosmetik,-,199,199,199,199,199,-,244881,244881,245081,245181,245181,5,244881,245181,300,199,59700
3055687246,375565670,100630,Paket Nature Reaction Wajah Glowing Putih Bersih Bebas Jerawat Kusam Bintik Hitam Terdaftar BPOM,-,-,-,-,137000,-,-,-,-,-,10003,-,1,10003,10003,0,137000,0
6942125991,284607209,100630,Loveli Sugar Waxing 250 gr (𝗕𝗣𝗢𝗠),39000,-,-,-,-,-,48520,-,-,-,-,-,1,48520,48520,0,39000,0
4757537589,107395930,100630,FEALI 24 Pcs Kuku Palsu Dan Lem Fake Nail Art 3d Kuku Palsu Tahan Air 24 Pcs Kotak Free Lem 2gr,8999,8999,8999,8999,8999,8399,84579,84594,85020,85855,86886,87731,6,84579,87731,3152,8899,28049648
7615954449,220985280,100630,[BISA COD] GLUTACID PEMUTIH BADAN best seller 100% ORIGINAL,149999,149999,149999,-,-,-,10022,10022,10022,-,-,-,3,10022,10022,0,149999,0
5697417867,487938494,100630,( Bayar Ditempat ) Masker Wajah Spirulina Original / Obat Jerawat / Masker Jerawat / Masker komedo,-,-,-,-,21080,21080,-,-,-,-,13000,13000,2,13000,13000,0,21080,0
4695543018,273152776,100630,Masker Organik by Lea Gloria | Masker Bubuk by Lea Gloria 20 gram,-,-,-,-,-,4500,-,-,-,-,-,23070,1,23070,23070,0,4500,0
8634762630,243477967,100630,Kuas Bulu Masker Wajah Murah Kuas Make Up Brush Masker Organik Bpom Medis Peel Off Kuas Masker Bubuk,1915,1915,-,-,-,-,10624,10624,-,-,-,-,2,10624,10624,0,1915,0
9037954224,404626315,100630,[AMPUH] Penghilang Komedo Hidung Wajah Ampuh BPOM Halal MUI Penghilang Komedo Hitam Membandel,-,119000,119000,-,-,-,-,10071,10071,-,-,-,2,10071,10071,0,119000,0
1905043072,2211578,100630,ALAT PENCETAN JERAWAT KOMEDO ISI 2 / PINSET KOMEDO ISI 2,-,-,-,-,1650,-,-,-,-,-,162517,-,1,162517,162517,0,1650,0
8046959238,210105346,100630,PEMBESAR PAYUDARA-perpect breask mask ORIGINAL 100% ALAMI,-,49999,49999,49999,49999,49999,-,10046,10046,10049,10051,10051,5,10046,10051,5,49999,249995
3848582430,206318513,100630,[Ready Stock] Hand Sanitizer Cair 1 Liter,22500,22500,22500,22500,22500,22500,68349,68385,69087,69719,70181,70588,6,68349,70588,2239,22500,50377500
7734896236,62583853,100630,Garnier Micellar Water Pink Skin Care - 125 ml x 3 pcs (Pembersih Wajah Untuk Kulit Sensitif),67000,70300,70300,86200,86200,88500,32132,32148,32403,32559,32728,33011,6,32132,33011,879,78083,68635250
3733407811,250678773,100630,ORIGINAL HANASUI MATTEDORABLE LIPCREAM [BPOM],18600,-,-,-,-,-,140632,-,-,-,-,-,1,140632,140632,0,18600,0
3595517295,273152776,100630,Masker Organik by Lea Gloria | Masker Bubuk by Lea Gloria 50 gram,-,-,-,-,-,7500,-,-,-,-,-,11119,1,11119,11119,0,7500,0
8618190589,393373798,100630,PAKET MS GLOW ORIGINAL PAKET ACNE PAKET LUMINOUS PAKET ULTIMATE PAKET WHITENING FREE POUCH/ TOTEBAG,46999,46999,46999,46999,45999,45999,42034,42082,42689,43208,43741,44283,6,42034,44283,2249,46666,104951084
8633686841,163520968,100630,"24 PCS / SET Kuku Palsu Gaya Eropa Dan Amerika, Seni kuku kreatif, Produk Kuku Penting Untuk Selebriti Internet Dan Gadis Modis",10510,10510,10510,-,10510,10510,39699,39728,40022,-,40734,41127,5,39699,41127,1428,10510,15008280
1402490278,6913348,100630,Scarlett Whitening Body Lotion / Scarlet FRESHY CHARMING SERUM pomegrante romansa cream facial shamp,55000,-,-,-,-,-,136303,-,-,-,-,-,1,136303,136303,0,55000,0
6040036317,88131133,100630,BPOM DEAR UP MASKER BUBUK WAJAH ORGANIK FACE MASK 10GR - 20 GR (KEMASAN BARU),2205,2205,2205,2205,2205,2205,744800,744803,745479,746043,746635,747254,6,744800,747254,2454,2205,5411070
5761449611,63310523,100630,PARFUM BAJU SPRAY THAILAND PREMIUM 35ML,-,4250,4250,-,-,4037,-,10325,10325,-,-,10338,3,10325,10338,13,4179,54327
9349485445,170773314,100630,NBS Skincare Paket Ultimate nbs,-,179000,179000,179000,-,179000,-,12008,12009,12009,-,12009,4,12008,12009,1,179000,179000
8026962880,404626315,100630,Krim Pelembab Wajah Pria Wanita Ampuh Pencerah Wajah BPOM dan HALAL,-,-,129000,-,-,-,-,-,13271,-,-,-,1,13271,13271,0,129000,0
4717263545,94309880,100630,Madame Gie Beauty Mud Icing Mask - SkinCare Masker Wajah,3000,3000,3000,3000,3000,1700,402342,402377,403194,403913,404372,404766,6,402342,404766,2424,2783,6746800
7268159637,285836848,100630,(FREE BOX) BPOM MISK THAHARAH 100% ORIGINAL MUSK TAHARAH MISK TAHARAH MISK THOHAROH PREMIUM,7350,7350,7350,7350,7350,7350,22322,22390,23217,23954,24652,25219,6,22322,25219,2897,7350,21292950
3150230650,43539494,100630,✅ COD FREE ONGKIR MASKER ORGANIK OAT PREMIUM ORGANIC FACE MASK AGEN RESMI YOURA,3900,3900,3900,-,-,-,74759,74764,75116,-,-,-,3,74759,75116,357,3900,1392300
9357059322,294096817,100630,MIISOO Bantalan Penyerap Keringat Ketiak Pad ketek Anti Basah keringant Sekali Pakai,1490,-,-,-,-,-,18920,-,-,-,-,-,1,18920,18920,0,1490,0
10123666278,157757912,100630,PERFECT BREAST MASK PEMBESAR PAYUDARA,-,59999,59999,59999,59999,-,-,10006,10008,10008,10008,-,4,10006,10008,2,59999,119998
4007377498,32247781,100630,Eye Patch Collagen Crystal Eye Mask Moisturizing Anti Aging Wrinkle,-,1299,1299,-,-,-,-,171260,171306,-,-,-,2,171260,171306,46,1299,59754
10319029618,296213759,100630,AISH SERUM KOREA ORIGINAL BPOM BRIGHTENING | ACNE | DARK SPOT,119000,119000,119000,119000,119000,-,10001,10001,10001,10002,10002,-,5,10001,10002,1,119000,119000
2784482534,48382819,100630,❤ BELIA ❤ Hanasui Naturgo Peel Off Masker Hitam Komedo | GOLD Anti Aging | Mineral Mud Mask BPOM,1500,1500,1500,1500,1500,1500,399598,399656,400781,401922,402822,403695,6,399598,403695,4097,1500,6145500
2984222154,164600279,100630,AISH | SERUM AISH | AISH SERUM ACNE/ DARK SPOT/ BRIGHTENING ASLI KOREA 100% ORIGINAL,-,-,119000,-,-,119000,-,-,18721,-,-,18732,2,18721,18732,11,119000,1309000
7494231268,330951651,100630,BODY MIST MISK THAHARAH ORIGINAL 100 %/Parfum misk taharah,-,23000,-,-,-,-,-,10032,-,-,-,-,1,10032,10032,0,23000,0
8580922970,410230217,100630,MS GLOW PAKET WAJAH ORIGINAL/PAKET WHITENING ACNE LUMINOUS ULTIMATE/MS GLOW ORIGINAL,-,-,-,-,150000,-,-,-,-,-,9999,-,1,9999,9999,0,150000,0
623409095,17566419,100630,MS glow Cream Malam,85000,85000,85000,85000,85000,85000,178260,178307,178915,179431,179971,180456,6,178260,180456,2196,85000,186660000
4311380944,210159312,100630,Rorec / Hchana Mask Skin Care Natural,1990,-,-,-,-,1999,89022,-,-,-,-,92299,2,89022,92299,3277,1994,6535976
2409033719,48382819,100630,❤ BELIA ❤ SKIN AQUA Tone Up UV Essence | UV Moisture Milk SPF 50+ PA+++ 40g Moist Gel SPF 30,42500,-,-,-,-,-,78843,-,-,-,-,-,1,78843,78843,0,42500,0
7250096090,8901630,100630,ROREC / HCHANA NATURAL SKIN CARE MASK MASKER SHEET & ROREC SNAIL MASK / MASK SHEET,1900,1900,1900,1900,1900,1900,800140,800324,805115,813229,820852,827380,6,800140,827380,27240,1900,51756000
4379497327,298914253,100630,Slim fast - SLIMFAST - Slim beauty Product - Obat Pelangsing Badan Diet - New Product Rachel Venya,120000,-,-,-,-,-,10531,-,-,-,-,-,1,10531,10531,0,120000,0
5268132954,213983237,100630,parfum thailand 35ml,3000,3000,3000,3000,3000,3000,218316,218375,220365,222381,224518,226038,6,218316,226038,7722,3000,23166000
3595586908,409078219,100630,Paket Skin Care Skincare Krim Cream Farma WDC Pemutih Wajah Glowing Whitening Original BPOM Murah A3,90000,90000,90000,90000,90000,90000,10301,10301,10301,10301,10301,10301,6,10301,10301,0,90000,0
7038991446,122003493,100630,SALEP BL / CREAM BL / SALEP BL ORIGINAL,-,-,8400,-,8400,-,-,-,119582,-,120531,-,2,119582,120531,949,8400,7971600
8668584213,29096003,100630,SIANG SUPER//WHITENING DAY CREAM,-,-,-,20000,-,-,-,-,-,10888,-,-,1,10888,10888,0,20000,0
1738834829,94309880,100630,Madame Gie Sweet Cheek Blushed - MakeUp Blush On Powder Matte,14400,-,-,-,-,-,277582,-,-,-,-,-,1,277582,277582,0,14400,0
10913039871,451625282,100630,ALPHA RULES ALPHARULES FULL BODY CONTACT FACE UP sabun pembersih mandi cair badan wajah muka pria,297000,-,-,-,-,-,8997,-,-,-,-,-,1,8997,8997,0,297000,0
6140350826,255365082,100630,Scarlett Whitening Brightly Ever After Serum,-,75000,75000,75000,75000,62250,-,355262,356115,356672,357063,357357,5,355262,357357,2095,72450,151782750
2902862992,80853341,100630,Deodorant Spray SR12 Herbal Ampuh atasi Bau Badan Keringat Berlebih Mencerahkan Ketiak BPOM 60 ml,40000,40000,-,40000,40000,40000,34151,34151,-,34152,34152,34152,5,34151,34152,1,40000,40000
10024499431,18935363,100630,Ms Glow Whitening Paket Kecantikan Acne Gift Cream Pemutih Wajah Glowing Solusi Jerawat Flek Hitam,-,-,-,220900,220900,-,-,-,-,10216,10217,-,2,10216,10217,1,220900,220900
9427482864,258640800,100630,Hair Mask Creambath Masker Rambut Murah ala Salon 200ml / Hair Mask BPOM,8499,8499,8499,8499,8499,8499,101383,101491,102986,104138,105449,107069,6,101383,107069,5686,8499,48325314
7115680922,21475205,100630,Parfum Thailand Part 1 - 35 ml,3675,3675,3675,3675,3675,3675,480801,480925,482775,485152,487474,490434,6,480801,490434,9633,3675,35401275
1994229659,8175160,100630,READY 12 WARNA ORIGINAL Implora Urban Lip Cream Matte Krim BPOM Resmi Baru Lipcream Lipkrim,14800,14800,14800,14800,14800,14800,420181,420251,421156,422152,422885,423684,6,420181,423684,3503,14800,51844400
11222072392,265352625,100630,Masker Merah Putih DIRGAHAYU Sensi EVO Plusmed POKANA,-,-,-,-,-,9500,-,-,-,-,-,9391,1,9391,9391,0,9500,0
11320440321,186866,100630,(BPOM) IMPLORA FACE SERUM LUMINOUS BRIGHT SERUM ACNE PEELING MIDNIGHT SERUM WAJAH IMPLORA,23400,-,23400,23300,23300,23300,10494,-,11973,13567,14947,16021,5,10494,16021,5527,23340,129000180
4162080035,18389453,100630,1 PAKET LENGKAP HAND BODY WHITENING BIERLIAN SKINCARE ( FREE POUCH ),-,300000,-,-,300000,300000,-,12843,-,-,12843,12843,3,12843,12843,0,300000,0
2657592623,26177891,100630,HC Mangkok Masker Set / Mask Bowl / Mangkok Masker DIY 4 IN 1 / Kosmetik / Brush / Kuas # COD,2999,-,-,-,-,-,121269,-,-,-,-,-,1,121269,121269,0,2999,0
3030868189,313054595,100630,PINKFLASH Matte Lipstik Lembut Tahan Lama Pelembab Pigmentasi Tinggi,16000,16000,16000,16000,16000,14900,38030,38089,39219,40642,41997,42999,6,38030,42999,4969,15817,78593017
2018680345,99445282,100630,RESELLER PAKET WAJAH MS GLOW 100% ORI,-,-,245000,-,-,245000,-,-,14299,-,-,14299,2,14299,14299,0,245000,0
6626209980,71118772,100630,[Promo !!!] Super Rapid Forte / Pemutih Badan / Handbody Pemutih / Hb Whitening / Hb Dosis Tinggi,-,-,-,-,-,35000,-,-,-,-,-,19882,1,19882,19882,0,35000,0
41746884,5139506,100630,CREAM COLLAGEN Siang Malam tanpa sabun,12300,12300,-,-,12300,12300,168171,168172,-,-,169596,170356,4,168171,170356,2185,12300,26875500
3244067542,17777764,100630,[TERMURAH READY ALL VARIANT] SALE ROREC 86 / HCHANA NATURAL MASK MASKER SHEET & ROREC SNAIL READY,1999,1999,1999,1999,1999,1999,714493,714529,714880,715413,716701,717529,6,714493,717529,3036,1999,6068964
8712444840,353064223,100630,Paket Hemat anti aging|daviena skincare jakarta|Acne Gold |daviena|davina|daviena official|daviena,170000,170000,170000,170000,170000,170000,25811,25811,25811,27111,28411,29711,6,25811,29711,3900,170000,663000000
7917338772,126475558,100630,PAKET BODY LOTION + BODY WASH BEBWHITE C ORIGINAL BPOM HALAL AMAN BUSUI BUMIL,-,90000,-,105000,105000,105000,-,10048,-,10048,10048,10048,4,10048,10048,0,101250,0
8910652148,195455930,100630,SOMETHINC 5% Niacinamide + Moisture Sabi Beet Serum,-,89000,89000,89000,89000,89000,-,119706,120199,120855,121498,121993,5,119706,121993,2287,89000,203543000
8669955974,284131286,100630,Underarm Brightening Perawatan Ketiak Hitam Alami Bisa Memutihkan Lutut dan Siku,-,-,-,65000,65000,65000,-,-,-,10046,10054,10057,3,10046,10057,11,65000,715000
3149189703,744873,100630,Viva Milk Cleanser Susu Pembersih | Viva Face Tonic Penyegar Toner Air Mawar,4160,-,-,-,-,4160,122204,-,-,-,-,124147,2,122204,124147,1943,4160,8082880
1720337006,744873,100630,Kapas Selection Facial Cotton Round Kapas Tipis Toner Pembersih Wajah Bulat | Kotak | Cotton Bud,2750,2750,2800,4100,4100,2800,207373,207437,208239,209104,209915,210576,6,207373,210576,3203,3217,10302983
7043314986,10038104,100630,[100% ORIGINAL] MASKER SPIRULINA MASKER WAJAH FLAWLESS DAN GLOWING,-,-,199,199,-,199,-,-,269622,270537,-,271588,3,269622,271588,1966,199,391234
3594030295,483904450,100630,2in1 'Alpha Rules Full Body Contact original perawatan pria-Body Wash Sabun Shampo pria/cowok 250 ml,195000,195000,-,195000,195000,195000,11995,11995,-,11995,11995,11995,5,11995,11995,0,195000,0
3077328317,35017261,100630,Implora Face Serum 20 ml - Luminous Brightening Serum/Acne Serum/Midnight Serum/Peeling Serum BPOM,25000,25000,25000,25000,25000,22990,18238,18258,19107,20002,20900,21507,6,18238,21507,3269,24665,80629885
10920315901,48382819,100630,❤ BELIA ❤ IMPLORA Face Serum | Serum Wajah | Acne | Brightening | Peeling | Midnight Serum BPOM,24000,-,24000,24000,24000,24000,9969,-,10531,11113,11652,12115,5,9969,12115,2146,24000,51504000
6869449168,2211578,100630,Compressed Paper Mask Sheet / Tablet Mask / Masker Kertas / Masker topeng,399,399,-,-,399,399,197417,197417,-,-,201181,202447,4,197417,202447,5030,399,2006970
8077305651,367845533,100630,TERMURAH ECERAN VAVL BEAUTY By VIVALENTINE ORIGINAL FREE GIFT,-,65000,-,-,-,-,-,19515,-,-,-,-,1,19515,19515,0,65000,0
5713638715,11439947,100630,"Pot Cream 12,5 GR Pot Krim Kemasan Kosmetik / Pot Cream 12.5gr / Pot Kosmetik 12.5 gram / Pot 12,5gr",1250,-,1250,-,-,-,484589,-,486862,-,-,-,2,484589,486862,2273,1250,2841250
5751046258,107395930,100630,FEALI Pensil Alis / DNM Eyebrow Pencil / Pensil Alis Anti Air Pensil Alis etude  Putar Drawing,-,-,-,3500,3500,-,-,-,-,76805,77161,-,2,76805,77161,356,3500,1246000
1593662557,94309880,100630,Madame Gie Silhouette Blended Brow - MakeUp Pensil Alis,5515,5515,5500,5515,5515,6000,303167,303193,303625,304094,304490,304949,6,303167,304949,1782,5593,9967320
5057654084,107395930,100630,(24 PCS) LEM KUKU PALSU GEL DOUBLE TAPE HIGH QUALITY / STIKER KUKU / SILICONE DOUBLE TAPE KUKU,1999,1999,1999,1999,1999,1999,27426,27431,27837,28584,29145,29714,6,27426,29714,2288,1999,4573712
3852799474,66946083,100630,[ACONE HOT SALE] Masker Organik Petal by Acone 15 gr,1500,1500,1500,1500,1500,1500,25014,25110,26217,26864,27644,28189,6,25014,28189,3175,1500,4762500
7243037304,4206536,100630,Parfume Thailand 35ml/aneka inspired parfume best saller,6250,-,-,6250,6250,5838,212722,-,-,213777,214145,214536,4,212722,214536,1814,6147,11150658
6684824121,195103362,100630,Masker Duckbill Alkindo Ecer / Piece / Repacking,639,639,639,639,590,600,116280,116280,116434,116775,117089,117381,6,116280,117381,1101,624,687391
6479159711,306473806,100630,SALEP DJIE KUTIL KELAMIN HERPES SIPILIS DIABETES GATAL LUKA/LECET RADANG ANTIBAKTERI AMPUH DE NATURE,-,150000,50000,50000,50000,-,-,20009,20009,20011,20011,-,4,20009,20011,2,75000,150000
7696375109,130434969,100630,❤ PAMELA ❤ Serum implora,-,-,-,25000,25000,25000,-,-,-,10010,10014,10014,3,10010,10014,4,25000,100000
7640346064,255365082,100630,Scarlett Whitening Acne Serum,75000,75000,75000,75000,75000,62250,449867,449952,451257,452113,452710,453135,6,449867,453135,3268,72875,238155500
2985731616,393295074,100630,[COD] SERUM AISH BPOM ORIGINAL/ SERUM AISH BRIGHTENING/ AISH DARKSPOT/ AISH ACNE ORIGINAL KOREA,-,119000,119000,119000,119000,-,-,9944,9944,9945,9945,-,4,9944,9945,1,119000,119000
5119898298,744873,100630,READY 1 - 12 | IMPLORA URBAN MATTE LIPCREAM | Implora Lip Cream Lipstick,14550,-,-,-,14550,15500,176698,-,-,-,178521,179033,3,176698,179033,2335,14867,34713667
7277374132,94309880,100630,Madame Gie Madame LiPill - MakeUp Lip Tint,15000,18000,18000,15000,15000,17000,86199,86275,87553,89110,90418,91632,6,86199,91632,5433,16333,88739000
3462242834,170773314,100630,(COD) Deep Treatment Essence MS GLOW,-,159000,159000,159000,159000,159000,-,10139,10141,10143,10144,10146,5,10139,10146,7,159000,1113000
9173771549,257065167,100630,[ BISA COD ] GLUTACID ORIGINAL SUPLEMEN UNTUK PEMUTIH BADAN,-,-,139999,-,-,139999,-,-,11000,-,-,11000,2,11000,11000,0,139999,0
4455198334,48382819,100630,"❤ BELIA ❤ SELECTION Kapas Kecantikan Tebal, Tipis, Oval, Bulat | Cotton Bud | Korek Kuping (✔️BPOM)",2800,2800,2800,2800,2800,2800,135340,135406,136496,137605,138572,139478,6,135340,139478,4138,2800,11586400
6231852526,138914885,100630,SCARLETT WHITENING Official Paket Original COD Scarlet Serum Glowtening Hand Body Lotion Jolly Scrub,55000,55000,55000,55000,55000,55000,115311,115319,115820,116345,116962,117412,6,115311,117412,2101,55000,115555000
7590365729,6593866,100630,𝙍𝙀𝘼𝘿𝙔 𝙇𝘼𝙉𝙂𝙎𝙐𝙉𝙂 𝙆𝙄𝙍𝙄𝙈  [ 𝗜𝗗 𝗥𝗘𝗦𝗠𝗜 ] 𝗘𝗚𝗟𝗢𝗪 𝗣𝗟𝗔𝗧𝗜𝗡𝗨𝗠 𝗕𝗣𝗢𝗠 ACNE WHITENING SERIES ORIGINAL,-,-,-,115000,115000,-,-,-,-,13230,13231,-,2,13230,13231,1,115000,115000
6940410026,6080165,100630,Scarlett Whitening Serum Brightly Ever After / Serum Acne glowtening scarlett by felicia scarlet,55000,55000,55000,52000,52000,52000,389776,389795,390344,390975,391678,392326,6,389776,392326,2550,53500,136425000
9682181790,409078219,100630,Paket Skincare Skin Care Cream Krim Farma WDC Pemutih Wajah Whitening Glowing Original BPOM Murah A1,-,50000,50000,50000,50000,50000,-,10461,10461,10461,10461,10461,5,10461,10461,0,50000,0
3332262815,11143438,100630,ACONESKIN PEEL OFF MASK PETAL BY ACONESKIN MASKER ACONESKIN,3500,3500,3500,3500,3500,3500,210913,210935,211254,211580,211969,212354,6,210913,212354,1441,3500,5043500
8265571357,228878501,100630,PROMO BUY 3 - FREE Rp. 1.000 MASKER WAJAH ORGANIK - BERMACAM  VARIANT,1850,-,-,-,-,-,9264,-,-,-,-,-,1,9264,9264,0,1850,0
6117409013,228746682,100630,OYAFUN [ORIGINAL] READY WARNA Peel Off kutek cat kuku halal muslimah Gel Nail polish O'yafun Kuteks,10899,10899,10899,10899,10899,10899,211611,211643,212178,212789,213290,213885,6,211611,213885,2274,10899,24784326
10314867017,390841093,100630,VAVL BEAUTY WATER BPOM,55000,-,-,-,-,-,10356,-,-,-,-,-,1,10356,10356,0,55000,0
4018300435,11839075,100630,DEAR UP PEEL OFF MASK (MASKER KLETEK PREMIUM) 10 - 25 GR,4639,-,4639,4639,4639,4639,63715,-,64466,65104,65693,66115,5,63715,66115,2400,4639,11133600
4656131375,59763733,100630,Wardah UV Shield Essential Sunscreen Gel SPF 30 PA +++ 40 ml,-,-,-,-,31500,29750,-,-,-,-,34997,36815,2,34997,36815,1818,30625,55676250
9286071701,8215248,100630,scarlett scarlet whitening NIGHT CREAM BRIGHTLY EVER AFTER perawatan wajah glowing scarlet scarlett,55000,55000,55000,55000,55000,55000,10000,10000,10000,10000,10000,10000,6,10000,10000,0,55000,0
10807783029,375565670,100630,Nature Reaction Serum Wajah Glowing Putih Bersih Bebas Jerawat Kusam Bintik Hitam Terdaftar BPOM,-,-,-,-,137000,-,-,-,-,-,10004,-,1,10004,10004,0,137000,0
3354674337,1486986,100630,DIST RESMI - TRAVEL SIZE Masker By Lea Gloria 10 gram Masker Wajah Organik BPOM Ready Original,1999,-,-,-,-,-,93492,-,-,-,-,-,1,93492,93492,0,1999,0
4890086983,319151384,100630,Kanzo - Travel Size Masker Wajah Organik BPOM By Fleo Mask 10Gr Organic / Face Mask Fleo 10Gram,2999,2999,2999,2999,2999,2999,29350,29378,30174,31182,32458,33418,6,29350,33418,4068,2999,12199932
9080296734,482608984,100630,PELURUS RAMBUT PERMANENT 100% DIJAMIN ASLI ORIGINAL | SUPER STRAIGHTENING HAIR PRIA & WANITA,-,-,59999,-,59999,59999,-,-,10003,-,10003,10003,3,10003,10003,0,59999,0
1796269947,92337119,100630,HOT PROMO !!! Masker rorec/rorec facial mask/masker wajah/hchana mask/hcana,1998,1998,1998,1998,-,1050,194247,194387,195008,195535,-,196376,5,194247,196376,2129,1808,3850084
5677616196,48382819,100630,❤ BELIA ❤ Garnier Micellar Water Pink | Blue | Bi-phase Oil | Vit C | 50 | 125 | 400 ml Skin Care,11500,19000,11500,11500,11500,11500,67995,68010,68436,68867,69311,69683,6,67995,69683,1688,12750,21522000
9015379302,257898843,100630,KERANIQ Hair Serum  Penumbuh Rambut Dan Penyubur Rambut Original Asli,150000,-,-,-,-,-,11036,-,-,-,-,-,1,11036,11036,0,150000,0
294985969,21172857,100630,PENGENCANG PAYUDARA / MINYAK BULUS SR12 / BULUS ORIGINAL / BPOM / TIDAK BAU AMIS,-,-,-,-,25000,-,-,-,-,-,37897,-,1,37897,37897,0,25000,0
9112613410,11839075,100630,DEAR UP PETAL MASK NO BPOM TERTERA DI KEMASAN,3350,3350,3350,3350,3350,3350,40977,41002,42299,42549,42867,43300,6,40977,43300,2323,3350,7782050
