user_shop_id,buying_time,user_name,name,location,following_count,portrait,user_create_time
288962739,1637829636,andinicheck,andinicheck,KOTA JAKARTA BARAT,34,bc6645af908e7161c4675449de95d143,1595660948
405435361,1636537121,syaaajk03,marshafarina,KOTA BEKASI,12,556b91989637075cf3c47bb5b1f867bc,1615989584
94770105,1635312623,rennydelima17,Rennydelima17,KOTA PEKANBARU,41,8d51fb78b1a35908bbfc988c08bb514f,1538833394
138603549,1635848338,adndar4,AdnDar4,KAB. JEPARA,297,e43caa5bc3d00a6bed9357420c024424,1554617355
477359345,1637301300,triyantidahlia,triyantidahlia,KOTA PEKANBARU,5,04eeac55930767c657a7643e98085e34,1624945372
183485393,1634439014,irmainara10,irmainara10,KOTA SUKABUMI,22,c6234d326fed121812e2cdc7abea33e7,1569751529
67077530,1636780411,onishop_1st,LS_pick2899,KOTA JAKARTA UTARA,120,cf335a7a6df2d37987525755995afeb9,1524861030
288744605,1634015061,chaeraniani19_23,mf4oqalopf,KOTA JAKARTA SELATAN,337,93c8b04e150eef4e514d13f2fce78ba5,1595598987
14937481,1635851169,erinarista,erinarista,KOTA JAKARTA BARAT,230,268948ab0ca7067e19d488ebaf7c91e0,1484029454
101203566,1633868913,ms.sylvia,ms.sylvia,KOTA TANGERANG,78,27a310a5a71f996de2302a8964064e8d,1541292009
115517650,1634209797,auliazzhr,auliazzhr,KOTA SURABAYA,35,198a84340ea24ea571d6b1fec8091781,1545278654
69602557,1634751981,myfeelsproject,My Feels Project,KAB. GROBOGAN,42,ac6fda7eb82ac7972baa9287aa4f30ad,1526387442
225886609,1634292520,ratihkusumaning1805,ratihkusumaning1805,KOTA SEMARANG,34,3e22c1e73e4370b57342d5dd75631c30,1581121321
143998246,1634133773,princes_zuka6,princes_zuka6,KAB. BEKASI,1001,8960369695c0a4c6c07deb879691122d,1556779253
30110028,1637598978,rita40,rita40,KOTA PONTIANAK,30,e060650428364e0b38c460de35f1a8ac,1502182923
11072571,1634102534,dnurani98,dnurani98,KAB. PURWAKARTA,633,9fbfbcd742755571fdf48637061ec162,1476486749
91902783,1634404620,dikha12345,dikha12345,KOTA JAKARTA BARAT,17,a92f747b05343e0ed119901ca07d34b8,1537538167
28340119,1634524768,delitaangraininst,delitaangraininst,KOTA BENGKULU,99,1b5a04d6757008da6280f71e3ea7ba0e,1500608830
239810144,1633162713,citra88anggita,citra88anggita,KAB. BOGOR,26,73fb1ede141cf8a6838133d1650936a8,1585402996
24824671,1636169561,nadineyd,nadineyd,KAB. BOGOR,75,19bb8e243357cc4545318645fb621e93,1496924843
19780828,1637041894,violetaf,VioletaF,KOTA SURAKARTA (SOLO),33,d73ede4aeae78824c0be77375388829d,1491472860
283521963,1634198773,bungaaflo,bungaaflo,KAB. OGAN KOMERING ULU,51,56df35dd0c2575734c80dc167388cb70,1594318308
197781303,1637594728,monika_vanya96,monika_vanya96,KOTA MAKASSAR,387,0d9b573cb43ef294e6e333513cd3fb12,1573396899
23743406,1636018850,smy_anggraini,Smy_Anggraini,KAB. OGAN KOMERING ULU SELATAN,371,,1496059455
195900836,1637062450,yulitainging17,yulitainging17,KOTA PANGKAL PINANG,123,26a563a355e96dd35852eb3d8e4c97d2,1573044046
76963963,1637931212,retnawidia009,retnawidia009,KOTA JAKARTA BARAT,95,b319afb5cdbc6dd16660a69fc50c09d0,1530349362
323065121,1634724317,kiayashi,zazkiaistiqomah,KOTA BEKASI,13,023c503afb4114bcbcd10d10367a6558,1602745365
28796519,1632910540,jecojean,JecoJean,KOTA SEMARANG,390,930e3aaa5f74cd5c6e7ad888ad6052c3,1501053395
45636830,1635918716,bundazanni,BundaZanni,KAB. BOGOR,150,ac0a8929be138d4be4677a0327def624,1512005196
85972054,1637220599,shivanurf,shivanurf,KOTA SEMARANG,84,678857d4995160ce94678992c0ae6297,1535111884
23662092,1635926018,bnjghjk,bnjghjk,KAB. CILACAP,72,8f8e3927a88bcac66bfa56341b1dca14,1495984265
8910321,1635908172,tresnamomon,tresnamomon,KAB. SUKABUMI,172,bfbb61cd7786fbe91b68741deb1c0049,1471175953
250524745,1635243948,leesun,leesun,KAB. SUBANG,16,1524e3ae8410c76182530060cd3fb6c6,1586962423
62877025,1636972889,rosmey17,rosmey17,KOTA BANDUNG,91,d05dbfe22836ba13cc702a551edfa8f3,1522327124
38953701,1634253793,hestitri2501,hestitri2501,KOTA TANGERANG SELATAN,177,cca8e70cb26e3e084310330513a21cf1,1508120441
256616931,1635234105,jendrashandy,jendrashandy,KOTA JAKARTA UTARA,2,77de58991e266f3e2bf239436b39ff55,1588390851
115884863,1634270438,bilptr_,bilptr_,KAB. GROBOGAN,434,8f09e91122186ef79a0d97cfa674b356,1545440433
186956260,1635505125,ibueti65,ibueti65,KOTA BANDUNG,11,,1570665978
151694873,1635073413,dickyintan,dickyintan,KAB. KARAWANG,146,ad813b1c361e8100376b146ac81cc824,1559125931
240734972,1637223007,05061997tm,05061997tm,KOTA PADANG,29,98b9cebf859e7d3b2ccb21fde093b2f1,1585712806
283884577,1634566744,shinta.hartanti,9yfdlrirtj,KAB. BANDUNG BARAT,237,,1594422878
143190495,1633572326,fia_cantik1,fia_cantik1,KAB. BANTUL,17,02e7e7523498eaf6281440a4e87e32cc,1556513087
77844294,1633843675,srikandimaharani10,srikandimaharani10,KOTA JAKARTA TIMUR,242,,1530849837
54097100,1636108985,renniledia,renniledia,KOTA BANDAR LAMPUNG,851,3311bdf226a7c0d205d021837494c7e1,1516979996
137871822,1632645380,intan_olivia07,intan_olivia07,KOTA DEPOK,31,07bc1563d71b4a5708b01dd23aa81556,1554307486
68541588,1634293732,dewifelcia,dewifelcia,KAB. TULUNGAGUNG,29,,1525737071
59724861,1637026095,rismabellad,rismabellad,KAB. SUKABUMI,152,88b97e5e9cbb16052efb55615de53512,1520486326
45923961,1634185179,anandaamelias,anandaamelias,KAB. BOGOR,21,ae07ad58f48da3e89ab09632f77ccb01,1512150304
542847003,1635150179,winwin281,winwin281,KAB. CIREBON,16,,1632131227
133374080,1636678946,nandaprizma,nandaprizma,KOTA PALEMBANG,306,361845d5d8c1543e2980879b5a36dc43,1552569153
264234740,1634172826,priyandikaaa,Health and Beauty Store,KOTA JAKARTA PUSAT,36,4efa53e011a62ac2df9f71af77664fe4,1589887960
46820250,1634296803,akayangel,akayangel,KOTA CIMAHI,83,b352f827eac7083c89a16a55f70bffcc,1512651844
170437127,1636806232,alyaaeun,alyaaeun,KOTA JAKARTA SELATAN,20,26443780ae9ca9f93be63ffa9fcc7e58,1565792642
10167151,1634294523,elfirave,elfirave,KOTA BATAM,134,4eb92477f28a57046e1e2deccf1e5278,1474434907
86555036,1636351344,trinandaanisa01,trinandaanisa01,KAB. CIREBON,111,e41c7829fdf1d84bb8258bc838fc5906,1535420499
182658209,1633964408,robbiatuladda,robbiatuladda,KOTA JAKARTA SELATAN,6,,1569497953
28815691,1634558443,nurul_ismi97,nurul_ismi97,KOTA JAKARTA SELATAN,51,,1501067596
19359971,1632993964,mikaelah_hy,irmaikaoctavia,KOTA JAKARTA SELATAN,340,2eefceffb5217fbcd09aa9efb0f3451b,1490957244
219142276,1634212764,yulirismwati,yulirismwati,KOTA BANDUNG,13,,1578958857
14786827,1637125624,ulfajavier,ulfajavier,KOTA PALANGKA RAYA,46,ccb2ca2e100b68b466f6b8a9321aba2e,1483771444
241087309,1637127815,rumiana_lingga10,Rumling_shop,KAB. PADANG LAWAS,65,66411b977e14c96c97d90d4581d0cca7,1585816917
404366280,1635578818,arsyun.dj,91tueicgha,KOTA DEPOK,5,,1615862655
53813928,1637110112,sarahmangunsong,sarahmangunsong,KAB. BANDUNG BARAT,136,,1516804606
281214543,1636974163,alyaandini0f7_8kwq,vz0f7_8kwq,KAB. KARAWANG,72,974b221e0dcb8764aa207d56d7530701,1593833205
70455199,1634039672,ruthbenedic,ruthbenedic,KOTA PADANG SIDEMPUAN,56,ee548577fc49a96626e6d51a80819a9b,1526874824
222388205,1634539268,riskipurwiningsih,riskipurwiningsih,KAB. GROBOGAN,29,e908d92426499cea76b14bb4cc18ae01,1580032861
144868092,1635050878,afrilyahokyatama,afrilyahokyatama,KOTA BANDUNG,174,7f5e8f07ad517b9f5d7c91aa34706678,1557089744
11517276,1636873476,citramarshela,Citra marshela,KOTA METRO,142,7b1937592b78b5055ee0deec22d36eb9,1477460707
148011985,1635134617,devadenisyah,devadenisyah,KAB. TANGERANG,141,838fa8aeb447ca2acbc1b72fe4db70be,1558080847
287849247,1636594219,colo.ur,Colo.ur,KAB. KLATEN,67,ac692a904fba4f76c0e33afdd4d7395f,1595390618
13828174,1634625799,ruwaiida.isnaniah,ruwaiida.isnaniah,KOTA PALANGKA RAYA,433,,1481761191
140775512,1635432621,rizki.deef,rizki.deef,KOTA DEPOK,28,97f2274f40fe91a72cfdef854669c62a,1555567440
105455781,1634119303,vikaanpp,vikaanpp,KOTA BEKASI,750,28d8f00877c1bb24d0635e26dd72ced9,1542412151
273876330,1635827136,halloarkario,achambhgud,KOTA TANGERANG SELATAN,28,cc00357a32d4efb3fdc6f4182cbddf28,1592027839
73280755,1635351851,andindaleavita,andindaleavita,KOTA DEPOK,48,,1528187290
42427969,1633540406,rcaturarysabitha,rcaturarysabitha,KAB. CILACAP,78,032240ce96a1bae094c11ac8c9221be7,1510228785
518463425,1635817907,simahsidi,simahsidi,KOTA JAKARTA BARAT,2,0d794d652853f7a1947de121284148b0,1629686141
140080302,1634402165,innayulia31,Innayulia31,KAB. BANYUMAS,16,93ae6a872d59739d2a8886ba281fbb17,1555267421
292517627,1634395139,gresiafani_,r3vvtd4whc,KAB. BEKASI,21,486bd40ea816f8640d139a11c084a80e,1596532913
160782104,1638013596,berlianjung,berlianjung,KOTA TASIKMALAYA,239,66213f70073115e9f576b8a556b23406,1562427535
285809955,1634033274,u182_7p2iw,u182_7p2iw,KOTA JAKARTA SELATAN,3,,1594886281
57911642,1635222346,auliasalsa28,auliasalsa28,KAB. SUKABUMI,49,db9572bab38579d481a2e179af0cb370,1519446379
127080586,1636991425,nurulwijayaa,nurulwijayaa,KOTA SEMARANG,276,7ba76670a68f4e84743f3c8780563512,1550412453
24798405,1636015736,rieshagumie,rieshagumie,KOTA JAKARTA UTARA,155,f46d6e3de4e09857dcf29263c0f09b23,1496908829
15931144,1636104673,hanarsmaya,hanarsmaya,KOTA BEKASI,135,,1485928799
298322375,1634965417,wirda_zulfa,wirda_zulfa,KOTA MALANG,10,0667445fd1b90a0cafcd9757e91e837a,1597760290
131226064,1636690468,emiliasari062,emiliasari062,KOTA BANDAR LAMPUNG,51,8fb87c89ed7b4aa24f077bec29cc0793,1551783883
60198530,1635049949,ellanaaa,ellanaaa,KAB. BOGOR,24,ad002b8f0ac9c961583282c886c5a0ee,1520767062
368905991,1637205554,lidia_angeli,g_5j7xryoh,KAB. BEKASI,195,,1609931917
16952977,1635666101,danbella,danbella,KOTA TANGERANG SELATAN,114,,1487718205
230594353,1634688260,putrirestuherliza,Putrirestuherliza,KAB. PANDEGLANG,53,,1582593852
151695003,1635223391,mami_mery,mami_mery,KAB. BOGOR,51,,1559125973
158966492,1634037556,tiaralusitaa27,tiaralusitaa27,KOTA JAKARTA UTARA,18,5a4dc1b06d184b2c940a8d5be1337d8b,1561821471
74870581,1634035179,nengalvinna,nengalvinna,KAB. PURWAKARTA,133,2bcfb6ae687344aeda5ac0b21646fca2,1529117936
21265521,1634623053,auliasandriani,auliasandriani,KOTA SEMARANG,85,28802eab06cf5d083b663c31302c05fc,1493382692
365252263,1634898689,shopisalsabila00,q1gj5rk92t,KOTA BANJARMASIN,87,cc49c82c6749299136037ffe7c2cb898,1609241672
419401864,1634375975,ipankh3,ipankh3,KAB. BOGOR,6,523b6f86bb58ca2f65414a1ad9d35fca,1617875359
55519854,1635910706,utarypramestirahayu,utarypramestirahayu,KOTA JAKARTA PUSAT,72,c0c65b8ba6113cdd4b437bea028c6fc8,1517831395
280266111,1635317727,nurameilani25,t5zrl_ia1o,KAB. GARUT,36,29be0e65f5d00e509f58aeb81a822db3,1593601778
199803805,1635585757,rehuellaaj,Rehuellaaj,KOTA SURAKARTA (SOLO),16,,1573772741
494394268,1635472090,diranindi,diranindi,KAB. BANDUNG,1,63a105ece69d9ad68f02fb55e826a83a,1626884614
482831759,1634030575,divtasuci27,q6_yy35dbb,KOTA JAKARTA BARAT,1,172f2a5e15c98af71aebfeea809822eb,1625597292
62923058,1636635278,uphy9624,uphy9624,KOTA JAKARTA BARAT,101,5c5a2b04e4c94a5afa11e5b0a12b6dd4,1522363605
139894598,1634468053,santapakpahan21,santapakpahan21,KOTA PEKANBARU,96,,1555175474
143815526,1637737099,nabilarhma01,NabilaRhma01,KOTA PALEMBANG,62,,1556704527
208857670,1633696083,septiolaharistamegaputriii,septiolaharistamegaputriii,KAB. BOGOR,87,b8fc0995c95fc9697c23b88efe0ce8de,1576083380
71792411,1634626009,nurfadilahmira796,nurfadilahmira796,KAB. GARUT,237,,1527501150
189396919,1634130656,windaanf97,windaanf97,KOTA SEMARANG,71,,1571347966
331656795,1634267160,xnow_ball,Xnow Ball,KOTA BOGOR,170,6e60bb8bb076c70f542daf437d6f687c,1604371631
256622433,1635847908,anisatria00,77rb213jsm,KOTA JAKARTA TIMUR,224,,1588391736
255894405,1636101408,rifart23,rifart23,KAB. SERANG,15,edee0b86b586a02055489078d7922955,1588240172
282317245,1637119735,shaniafibriyana,shaniafibriyana,KOTA CIMAHI,2,f17cd8c880e5152f9ec703655e01ccdd,1594082056
267169099,1635156971,wdyjb_,wdyjb_,KOTA MEDAN,0,73ffba685a1a0cc6ce0c0ee98b5636ad,1590567701
64308720,1636391226,afriliaalfiii,afriliaalfiii,KOTA BEKASI,106,44b1b756f18d616557fa21cc380d2e6e,1523230885
211970853,1634596400,yantichika3838,Yantichika3838,KAB. BANDUNG BARAT,1,393d71fded21d5650827edce267b0954,1576713354
2933007,1635915093,putrimashiralhaqqi,putrimashiralhaqqi,KOTA JAKARTA UTARA,114,527d3e67355db60a6ecda6d58d58c3d7,1453598616
101953627,1636027678,anisshr64,anisshr64,KAB. INDRAMAYU,147,b6407b1e5423004679e40342c0f9eebc,1541518295
91133987,1637017400,santihanisyaa1112,santihanisyaa1112,KOTA CIMAHI,213,8421103455df1524adc227b6503fc785,1537181357
194242217,1634809756,nalarfik17,Nalarfik17,KAB. BEKASI,109,c30123102e3eb7fcfe04967bb5ba263f,1572670907
527492757,1635147179,nurul.fitriahh,cey4jdw88r,KOTA JAKARTA BARAT,57,96dea909607dbf8be8c97197722ee725,1630612451
79992553,1634399734,lindaasafitri0305,lindaasafitri0305,KOTA JAKARTA BARAT,16,c752991f1ee6c5f29f05bbb0ede7fa24,1531955341
132036145,1634028300,wigatirayungsasi,wigatirayungsasi,KOTA TANGERANG,46,b47cf6824fbb7a3b102f75ba4a39cce8,1552058678
89917318,1634523607,allyaaw,allyaaw,KAB. BEKASI,133,460ef6ea896a5bbbf2943d105fb8aea7,1536641269
94465191,1637406381,seftiqi,woosangz,KOTA JAKARTA TIMUR,257,74995497fc33bbfd24a0c30585cafd9e,1538711147
11394989,1633079280,yaneania88,YaneAnia88,KOTA PALEMBANG,244,2dd4e94210dfd8b1e4bc9d979193d608,1477208561
372509897,1634286539,friska0809,dl5f2zkiwd,KOTA PEMATANG SIANTAR,109,,1610530500
61322061,1638009865,agnioctv,Otka.ff,KAB. BANDUNG BARAT,26,1135299574028f5382588821cf366d02,1521439753
68952778,1633206639,alifiasyafaa,alifiasyafaa,KOTA DEPOK,10,5b745d33480142f69b4201042065ca71,1525966778
56535695,1634122145,fikrianggika868,fikrianggika868,KAB. TANGERANG,31,f3a519270541d6641930ab20f9718ddb,1518490097
37380212,1634174200,ranihamimyar,ranihamimyar,KOTA TANGERANG SELATAN,148,04417f70fb6543a77a6e95d4becfc7eb,1507168245
60638183,1634089108,lindasilviasari,lindasilviasari,KOTA SURABAYA,224,,1521022242
145871717,1635520932,nathanyashr,nathanyashr,KOTA BEKASI,117,,1557409329
177871861,1634038753,putriutami200105,putriutami200105,KOTA BEKASI,29,9707a89911acee8d2d95ab4b70934659,1568029969
416715686,1635834514,gabrielle_crystal,gabrielle_crystal,KOTA JAKARTA PUSAT,39,67a92368cbb69f0f80e3e191b4388fc0,1617523654
57642995,1636526454,sabathinenaomi,sabathinenaomi,KOTA JAKARTA BARAT,7,,1519284952
269559216,1636080885,ekyirlt,nuwoqcphgg,KAB. LAMPUNG TIMUR,28,fe3e1eea46437dac3a01cfb83aa70ec6,1591078529
126680393,1637468688,madetha,madetha,KOTA TANGERANG,291,508b9124d4c56eef0f1f2d2fb26697d2,1550241775
226714064,1634123292,annisarp6,pramestiannisa,KOTA BOGOR,6,59ac9fe53f59b97bd66012cb36917586,1581391083
568251744,1637845867,8rbj852hkc,8rbj852hkc,KAB. LOMBOK TIMUR,25,,1634694377
130736858,1636704357,adibaaksel,adibaaksel,KOTA JAKARTA SELATAN,17,b4f277bda1534a9cee482be857976417,1551619293
18134873,1636287384,rhyzcha,rhyzcha,KAB. BEKASI,278,504afa376dc9d6f66e2a292a74fcf156,1489414928
170376016,1636541900,febriana_tantri.79,febriana_tantri.79,KOTA SEMARANG,59,,1565775413
98736358,1635081298,slsbl99,slsbl99,KOTA JAKARTA TIMUR,15,b87e0d45f1c804586cc789e1546a2a64,1540532058
243518994,1637408987,sastijulia,sastijulia,KOTA PALEMBANG,438,2c08d950d82d0b7e84cb85d1d3f5864e,1586497194
171104255,1637381476,bila_0608,Bila_0608,KOTA SERANG,2,da850cbdc0e1c4e821511b76a04dcd85,1566059940
17590907,1634297734,fransisca.mira,dodolan.mecin,KOTA BEKASI,152,515b1136ed4191c9f902c7d7f5c7a009,1488725410
66974883,1634900210,risafitri_24,risafitri_24,KAB. KARAWANG,29,069dce8bc0c5e1b76b09aa9bfce6485f,1524807687
10797008,1634276721,rinaoktafia,RinaOktafia,KOTA BANJARMASIN,112,019090abf5ad5fd6ac7215a7abc4d80d,1475910369
142463196,1636776977,rifannsa,rifannsa,KOTA JAKARTA TIMUR,2,0f5de7a00885ba43386e9434088b976f,1556280334
264474997,1635939799,wulanfebrina11,0jqy812vd7,KOTA JAKARTA PUSAT,64,,1589945950
522549922,1635153817,paridullfarida,paridullfarida,KAB. CIREBON,9,58d2ef384251674f475ddcf6580bc48a,1630118603
156837298,1634016989,zhrnovanka18,zhrnovanka18,KOTA JAKARTA SELATAN,158,,1561047750
11137813,1636942237,litavia,litavia,KOTA TANGERANG,21,14fdd43dfcfa4180bc191fb529c9eaf6,1476623287
206515096,1633596760,claraputritan123,claraputritan123,KOTA JAKARTA UTARA,12,c3404057cb63ff4bfc75fc6c91ef0eed,1575631201
57791286,1633785429,wafirahayu,wafirahayu,KAB. JOMBANG,117,6429f0743d64be9e19f1d629bb01b8f6,1519370003
41585141,1637045910,085210749533_3481,085210749533_3481,KOTA JAKARTA BARAT,16,cd4310b20b09033260b95582211cbd39,1509790757
48110214,1635502414,ryantiay,ryantiay,KAB. SUBANG,45,4f6174e8576b3adbb5c2b08674d7dd15,1513244046
1469274,1636194669,nicken95,nicken95,KOTA JAKARTA TIMUR,65,60cf01a040e433c7d34bd09c068aa1b1,1446426894
251992307,1636332824,yanierni,yanierni,KOTA BEKASI,32,3d901a25d5a93a63292fb1864156966f,1587357602
11020567,1634823271,end0402,end0402,KOTA JAKARTA TIMUR,213,,1476357411
99160597,1634563982,import_acc,Import_acc,KAB. TANGERANG,105,a0855a0f4584c4c2d65900142458be61,1540656445
307921347,1637920374,ellena_olivia,k77h9vpp3q,KAB. BANDUNG,12,cb0e08214db9b8f77879ed284a352272,1599710335
76455352,1634189306,vikacakep,vikacakep,KAB. TANGERANG,18,2b0e6a1c7e098d7bc534840a5e2d7b36,1530058872
93054622,1637467165,duniaperlengkapanbayi,duniaperlengkapanbayi,KOTA JAKARTA BARAT,112,,1538058647
126985176,1635049831,riafebri...,riafebri...,KOTA JAKARTA TIMUR,166,d2ebb33cca790cbc02e070cce4e50298,1550384335
294708741,1634276451,2sioniniy5,2sioniniy5,KOTA JAKARTA UTARA,27,,1596971853
64798480,1634216077,susichuby,susichuby,KOTA DEPOK,259,ecc173eb9da8eee7f701198badba21ec,1523532601
12458122,1637848287,aulidaardini,aulidaardini,KAB. SUKABUMI,33,2bb2819939a49cae5be8da29c1b33bba,1479295821
28468245,1637232190,mustikaynch,mustikaynch,KOTA DEPOK,27,909399f36b1936681a5ed949c849b209,1500722290
71436319,1634108160,cantik_1712,cantik_1712,KOTA JAKARTA UTARA,993,e577c8e6aae04d499bf5ac9a668cd0d0,1527337296
291286542,1634816029,yulvinadeyu,yulvinadeyu,KOTA BEKASI,6,e288844ef69f91586952f5f3d2a5fd39,1596248340
241955934,1635921006,uthie_95,uthie_95,KOTA JAKARTA UTARA,10,52d7298bde51b2a2c2582077149126ea,1586064871
437795188,1635756931,shintianam,6vp6jao1fj,KAB. PURWOREJO,30,,1620222240
23230939,1633560341,sahrulgofhar,sahrulgofhar,KAB. TANGERANG,26,,1495604615
73051778,1634614449,liliktriyuliani,liliktriyuliani,KOTA JAKARTA PUSAT,25,740ee2971321e6e6f0b8391aa4c2c79f,1528087373
179103616,1635174438,herukanda27,herukanda27,KAB. OGAN KOMERING ULU,38,,1568373437
350792207,1637148554,nindimawadah,nindimawadah,KOTA JAKARTA TIMUR,8,430976a25655a0c392a316562b44f757,1607174559
241251999,1633658982,derismaaulia24,Lovely Preloved_,KOTA BANDUNG,95,b46b2b679f6de698148771fdbe40c000,1585873241
38721256,1634203222,nengtiaranugraha,nengtiaranugraha,KAB. BEKASI,714,c46db6869aaec811bad40525aad1ba01,1507959824
184104435,1637150764,inoandika17,inoandika17,KOTA JAKARTA PUSAT,20,c9f8603a0e973d1c46b344d09e92f7f1,1569942295
492780972,1634898156,esteyuan,7mehmsl8w5,KOTA BANDUNG,25,,1626683151
195303318,1637060339,indryaguslestari,beauty crown olshopi,KOTA JAKARTA UTARA,207,12b01f706e6e8c45635647d8bddc9006,1572931107
5632042,1636702094,queennie28,Queennie28,KOTA JAKARTA UTARA,15,,1463133390
517961134,1636723353,blessingsandme,f8ftryptfq,KAB. KARAWANG,35,81d7e1e0096c136cc26afee4b210fafb,1629626165
27237734,1634538461,monica.doaini,QueenStore91,KOTA BATAM,46,91f2403b378de3d55492ea34054e95f0,1499458309
355618414,1636983494,slvianabll,1nyemifbtr,KOTA BANDUNG,448,,1607763585
404597327,1634382436,dekleli03,4a8p759008,KOTA DENPASAR,26,,1615891013
131707558,1635741658,irohsugiro,irohsugiro,KOTA SERANG,71,4f4a49680b617730715b5c034ea76c45,1551949254
31947875,1637628728,sholihahnovitasari,sholihahnovitasari,KOTA BEKASI,119,0ecbf071f9d86e567a011b0cb227be6d,1503635614
10804797,1635231617,ismieapriyanti,Toko Itsme Shop,KOTA DEPOK,8,8e37ede822c0cf19bd1d52c1953d8aec,1475922984
221689154,1636979688,anggirainii,anggirainii,KOTA DEPOK,34,8983126cf2c9fd76d5e2c1696c4d6a15,1579774788
288020465,1635411245,abualfathir,abualfathir,KOTA BANDUNG,41,ea9de99cbe92f95ff30be40633fb2f5f,1595422074
370824244,1634189289,1qvc9kh1no,1qvc9kh1no,KAB. GROBOGAN,10,fcb77d0571052d7d6855f43b97579e2b,1610261054
519723936,1634700282,fifi_54,24dj_szt_k,KAB. BOGOR,21,bb60fb707cc8a629a6d9a63debfe5547,1629814576
218917812,1634592978,wardahpoespa97,wardahpoespa97,KAB. CIREBON,18,60f93bc38e05ab5d328815cd02cd4b88,1578889071
3463273,1634811061,legra.ucii,LeGra.Ucii,KAB. BELITUNG,70,7389d53f8bec85aac3336988e70b462b,1455945729
360347483,1635639939,selvi_1002,6ewi_4_q64,KOTA JAKARTA TIMUR,10,,1608446511
87914524,1637654582,stefhaniaprilia,stefhaniaprilia,KOTA JAKARTA TIMUR,73,202e2b71f379a484faa0ed24b0e5ac82,1535985115
135118162,1635581065,desychandra26,desychandra26,KOTA TANGERANG,21,9d82f547cfae39bab8ceeabae400e831,1553278618
46018461,1633923581,desnasitumorang,desnasitumorang,KOTA JAKARTA UTARA,46,c8610c89bb04635e9772c4e90a09db83,1512213161
154326510,1635394875,santiziudith,santiziudith,KAB. BANDUNG,68,221b9be58bf193fdd3e4ced46683198a,1560122868
81929492,1634094143,pujiamaria26,pujiamaria26,KOTA SERANG,56,bce600f3cf7f6e0e1d1b16137fc118fd,1532950346
28348986,1637200485,yantikurniawatti,yantikurniawatti,KOTA BEKASI,297,598ee4f5cd9b2d463c758352bdbbdcce,1500614097
329435621,1635780107,fi.ulaa,fi.ulaa,KOTA MEDAN,17,e6b5bab74ed1b87121386ad6561af908,1603963097
99771734,1633439921,kamilahnovianty26,Kia95,KAB. BOGOR,17,,1540866139
4932539,1633819927,nadyanaftahb,nadyanaftahb,KAB. TEMANGGUNG,139,c38fac39104700f829b190b0e6e4bac0,1461191584
8437185,1633581369,nurayu13,nurayu13,KOTA BANDUNG,42,e5f57166dcdd0cb2ba92f3343daba693,1469955511
550428619,1635406857,spcblygsp1,spcblygsp1,KAB. GARUT,8,,1632927270
69432482,1637136896,herarqv,herarqv,KOTA BANDA ACEH,16,bbad568d1b437d3dfc79737f9806dcbf,1526289093
145683602,1633327024,bilqisgendis1234,ratubilqis55,KAB. BOGOR,67,bf2cc4a1818678ff2917fe1bef6b28a5,1557362586
328110089,1636785102,khanisa12,khanisa12,KOTA BEKASI,56,9b4cd6f8c70a9cfc911840cf39ea6666,1603721726
263303176,1636812907,5ilv4_8,36wyeg_o4f,KOTA CIMAHI,26,,1589697670
129979017,1637561762,kyntan123,kyntan123,KOTA JAKARTA SELATAN,93,273f3fbc3fae25dfb4e521b7ee89712d,1551353744
215070527,1635413035,anitaakartika,anitaakartika,KOTA SURAKARTA (SOLO),2,46e38e0f69306313ce25abff3ea3cd16,1577652320
305615694,1635144970,fisarhma,3cbbzxivx_,KAB. TEMANGGUNG,25,836d728266616b2000a7a7c4d62473c1,1599352454
24113398,1634619611,apit_28,apit_28,KOTA JAKARTA PUSAT,77,ac627e9784c68683e28ead5738b1026f,1496390042
21723214,1637463641,hestyaputri17,hestyaputri17,KOTA PONTIANAK,53,b7f090cd098922fce046f5b50b030de5,1493942311
564374428,1636964826,f8yki6coyd,f8yki6coyd,KOTA MAKASSAR,7,,1634288648
99128116,1636902929,ranianiesafitri,ranianiesafitri,KOTA BANDAR LAMPUNG,420,d2d8086748502a82104e5b7afb6edfe0,1540648903
201347033,1635771830,annisanurhidayah25,annisanurhidayah25,KOTA CIMAHI,85,3a6ac238dafb27036729299363f3ab01,1574187278
104031574,1634728678,aninanissa,aninanissa,KAB. BELITUNG,1,bf71cbd26f63ebfcdb68ee019f75aba2,1541945996
90083233,1635321201,audreyn_,anay.id,KOTA CIREBON,84,,1536714339
463777206,1634107852,dindayolanda_,1h16f0mijf,KAB. KARAWANG,4,db9fdf0c6e5ecfa11950c91e5fb31855,1623313166
227013440,1633997974,rita_nur20,rita_nur20,KAB. BANDUNG,89,1e9e4becce1b74db6326258039b95451,1581486955
57768209,1634565417,erikatslnikaa,erikatslnikaa,KOTA JAKARTA TIMUR,84,1ee3b1915152320f7e9979054ea2a361,1519360824
58442285,1633948212,imelmarietta,imelmarietta,KOTA JAKARTA BARAT,196,,1519739816
316802611,1634375767,florenevlyn,florenevlyn,KOTA TANGERANG,10,bf07bd2426c85aa87ba2cb3cbfe138f4,1601559989
91757834,1633425180,angellidya0410,angellidya0410,KAB. BANDUNG,0,450b0d88a1bc072b909d09c619264995,1537476085
52604578,1636870884,fatmawati87651234,fatmawati87651234,KAB. BEKASI,31,6be70d8e7b1e832c3281e563642be1e0,1516076902
241356423,1636197472,d3asnack,Lucluckstuff,KOTA MALANG,10,eee1b40253b8e09bae4db348079b6c4f,1585899161
28637877,1637822286,liaaly,Preloved.ku28,KAB. BOGOR,51,22e1b26bc3f37c550565bad531474a02,1500896583
395320036,1638008262,deviaaavivih,3uv3dyrow0,KOTA BOGOR,26,d451b74a2027e9ad77072453d1f48d95,1614650957
235073377,1633237645,rosaanandaa,rosaanandaa,KOTA JAKARTA SELATAN,31,b4bb9c78c0c7c249c433ca1031f543b3,1583920980
20304643,1634981172,regina.angelica,regina.angelica,KOTA JAKARTA UTARA,109,2dad4fc8adfbcc5db8ed51bdb53b589f,1492168994
11115626,1636163587,angelmarshaheres,angelmarshaheres,KAB. SERANG,92,71da2a740e3323ffbefdae3c0bba92f0,1476586072
62605698,1636769720,angelinadesyana,angelinadesyana,KOTA MALANG,27,fece6de16aa92fa518395c509e13c77a,1522162221
100890838,1635096618,khanifaturrokhmah,Tya Kids Shop,KAB. TANGERANG,98,a2c8d7cc74052bf36ba72a3bf2f5bc81,1541174824
126540991,1634116246,audreyblythe,audreyblythe,KAB. BANTUL,23,,1550198037
100777643,1634027957,athiyaas,athiyaas,KOTA CILEGON,66,3e3b920966be5db884e6658a8fbc37f9,1541149790
114044467,1633580919,anisar08,anisaR08,KAB. CIREBON,99,c8a2a7f75161c72d466f781ce7d7b781,1544688374
140722749,1637035065,adinahawa,adinahawa,KAB. SIDOARJO,20,9034efd250c56d20dddeb1ad2edf96e5,1555549055
112298334,1635227184,himatul96,Himatul96,KAB. PATI,194,1e12a4b4fdae2cf30d66a9a7fa314527,1544368578
95644520,1634185635,cloudd21,Platinum_Store21,KOTA TANGERANG,0,,1539188330
327519544,1637293279,klaritawinda28,JB.girlscollection,KOTA MEDAN,95,49e7d406718314298af67efcc821b5c4,1603618962
162812367,1634704147,rahma_gita05,Rahma_gita05,KAB. CIREBON,18,,1563093864
106062435,1635243574,nadhirkhairani,nadhirkhairani,KOTA CIMAHI,47,751c34d556197e7ae12d462204bc8529,1542624116
125642119,1635165131,kholilahulfa,kholilahulfa,KAB. BEKASI,81,d9d37c94b6d2981b8d3995e094b9df98,1549786827
96740495,1636884876,kikymeynawati,kikymeynawati,KOTA CIMAHI,6,619c36b93602d55cec17b6cdf3686ad5,1539676320
207321899,1636975036,ayu.mharni,ayu.mharni,KAB. TANGERANG,41,4f78e25af12b67c41e711bd7f23055b8,1575822159
478391483,1635557876,afrig345,_r2uawob9b,KAB. PANDEGLANG,18,bf47fd33b259d7eb8877f6e4ad9a369f,1625057418
39603056,1635125923,shinyahaine,sekarkedaton28,KAB. KARAWANG,53,70f7bae5ec92527fb28290de97872ee5,1508515681
359290961,1636715353,ranarhm,ranarhm,KAB. BEKASI,9,74a87db7122ef9ee043a05b83b6f31d0,1608260159
116646554,1633591284,ruthretinasinaga,ruthretinasinaga,KOTA JAKARTA PUSAT,17,a30ab2391da25b2df70d0a3f2ed7a242,1545796819
385166247,1637192983,febriyuliamsal,oxbdvorq_0,KOTA BANDAR LAMPUNG,37,,1612774903
261699641,1637581986,nisamandaaaaa,nisamandaaaaa,KOTA PALEMBANG,38,871f9207fcff978fcea8631619d990aa,1589373456
236865002,1635716044,amaliatifa,amaliatifa,KAB. BANJARNEGARA,11,290fae7f0bc89515faa6193bb8772f8b,1584485966
447682250,1636959046,alvi_rahayu,mhf1cqutvw,KAB. BOGOR,2,0cd19a7b2bb75b057b4233a98810bab4,1621510362
219925052,1637024146,yuliana_dewi24,yuliana_dewi24,KOTA TANGERANG,13,9d10f6df427908232d01c48396126375,1579181494
325414657,1635403296,milnul,ltmebw7jhahcn9ohb4txi74cq0qe,KOTA JAKARTA TIMUR,82,7cd97745b28824a23f5d0698355a8946,1603201402
31935083,1634638938,fawar123_,Fawar123_,KOTA SERANG,86,9cd2e0e1d531f2f85c48673ca6511a9f,1503628485
40571480,1633235378,fikamell,fikamell,KOTA JAKARTA TIMUR,252,67394e7f5a73e817514c66ad41a494c1,1509146476
143822038,1634115358,ti13ti,ti13ti,KOTA SUKABUMI,7,0c496b84a4fd4dfd6766f86b8f53da3d,1556706274
44773062,1634294427,islushinta,islushinta,KAB. MALANG,144,59fadaeb0f05b7e52a7e818f742acc7a,1511493439
257255391,1634136946,wandy_wandi,wandy_wandi,KOTA BEKASI,27,d6ae06d5919afaedcb32077e55df7b8d,1588521032
70561867,1637372293,goodlook.ig,ig.goodlook,KAB. BOGOR,96,cdc026363854eba51454b4ef87bf1492,1526915091
30639762,1637308498,liiaaz_,liiaaz_,KAB. LAHAT,451,566ca1471d98488af3fa63715be746cf,1502602710
447771351,1635224977,ekanoviwati,ekanoviwati,KOTA TANGERANG SELATAN,19,bd1bd6aeddd5f8f6a7112a07476d13f7,1621519165
29098883,1634820255,ecingsiregar,ecingsiregar,KOTA MEDAN,189,a4a8eec8522012b6a4b45cafdbb8e924,1501337178
82542223,1634378405,senlytand29,senlytand29,KOTA BALIKPAPAN,146,,1533264960
130974451,1637261521,szakina12,szakina12,KOTA JAKARTA TIMUR,177,44548cc87c62791ab61a051768485e6c,1551700883
220303757,1635493209,hardianti_s,hardianti_s,KOTA PALEMBANG,59,a74e19c5afa1571460a6873faa71903d,1579313154
106935924,1634130500,junysoraya,junysoraya,KOTA MEDAN,18,bb68de4bf63e6cb33c9176a7da5cee07,1542865276
24226140,1634036123,helenmanalu,helenmanalu,KOTA BEKASI,322,94c1a35b381ca6258d3bcfb182fe411f,1496487254
27768320,1636785845,retno.dewi,Herbal_bm.21,KOTA DENPASAR,117,eb83b3eb0d74e706ac8615f7bf46a128,1500032081
38722304,1635135895,cicihaprianditoapriandito,cicihaprianditoapriandito,KAB. BOGOR,167,77874e908b79c33c50542c7789d92ba4,1507960294
209317006,1634956746,nayyarada,NayyaraDA,KOTA DEPOK,26,05eb8afe2a9b2aef5c90767e245d16ea,1576133507
151469948,1635252646,pricilya_tantria,pricilya_tantria,KAB. BOGOR,283,2c03aef22759d1e81e69b6d2b209b370,1559052469
125672722,1635246982,rinahhandayani123.,Rinahhandayani123.,KOTA JAKARTA SELATAN,17,add40faff98ee1e2e4411581a874f7d4,1549797016
81343255,1633956195,dianshoneysaputra,dianshoneysaputra,KOTA TANGERANG,9,b881b0b84a09bb8d2e27be0e712c2416,1532648783
559374378,1637210679,5myyhhb741,5myyhhb741,KOTA JAKARTA SELATAN,1,,1633833105
374579532,1635146498,kokoomeii,kokoomeii,KOTA PEKANBARU,65,7892dd637a93115f8a82c0e0a9aeb8f8,1610890561
13556336,1635432229,beauty.by.me,desyfitryaryani,KOTA DEPOK,142,2bd9aab7f200b254738175caf4e8d220,1481287278
73769952,1634189826,minimarthrift,monamayasharen,KOTA TANGERANG,978,2dd0d7eab3c064cc54ea006bb49cac06,1528425184
32543307,1634924306,zendawinn,Tie dye ini,KOTA JAKARTA BARAT,30,bd812720ba2da6b2666bc2ecbd6278c5,1504047238
357210475,1634391294,7zpps45lg3,7zpps45lg3,KOTA PADANG,15,,1607948754
78458539,1635159390,isahhku,isahhku,KAB. BEKASI,5,f5048a46197ffb053640970e7f4a8154,1531153220
113332418,1633953603,lina18owen,Lina18Owen,KOTA JAKARTA TIMUR,42,,1544594438
356432335,1637547674,nyenyyii,nyenyyii,KOTA SUKABUMI,56,3b56fcbfe1e320f8f8c6ecea4dcedef5,1607836843
119310114,1637121035,apriliana1yustita,apriliana1yustita,KAB. LAMONGAN,65,4ee3fe158648f676a42694952d9a1460,1547006762
84156004,1635312037,endahjuliaindrika,endahjuliaindrika,KAB. PANGANDARAN,92,448ea4d7b5a267b05041d217da90e2b4,1534126743
243514712,1634568984,nandanurintan,Nandanurintan,KOTA DEPOK,27,bc4de4199c7b2352df4b303361cc513e,1586496321
141516115,1634382622,cintiaputri12,cintiaputri12,KOTA SURABAYA,53,342c7b70e8d0353ba77f97410cde83cd,1555903458
175558046,1633248724,enoalimron,enoalimron,KAB. PANDEGLANG,1,efc6dadf168e42f198d552e6fae65cc7,1567522601
63920514,1637381693,nrafiahh1,nrafiahh1,KOTA MAKASSAR,31,73f6945a066785d9686e0dae87a0aacb,1522981701
274135130,1635059272,pipit.78,ckosp7dr9p,KAB. CIANJUR,4,1a4b7d4ed8faefece53417923011e017,1592098912
203244726,1633080495,hafsanaheka_,hafsanaheka_,KOTA PEKANBARU,189,55452b8befbda9733660c74882ad9564,1574764018
502114648,1635221472,nuraidah215,nuraidah215,KOTA BOGOR,37,5ad6080e6ccc30dd9bdd0889198a04b2,1627876198
254933780,1634805429,syifat_atqiya,syifat_atqiya,KAB. TASIKMALAYA,19,ad37b0eec4a4d0cd5dffa08c7d8327e1,1588046787
27317940,1634682689,mustofa.a,mustofa.a,KAB. GROBOGAN,105,9d562716cf39f75b71d111fee568d5a9,1499565004
126638817,1636956837,mega268,mega268,KOTA JAKARTA UTARA,392,,1550229317
142224985,1634269017,niyamaulidiyah,niaamaulidiyah,KOTA MALANG,460,ee1742b6a8f9300e0ddcaf10f0e450a4,1556187843
108472768,1635857314,aypurna02,aypurna02,KAB. CIREBON,108,956acad708754fd7be5686e1dbd97947,1543413673
19457086,1637371178,petti07,Petti07,KAB. BELITUNG,267,2bb15d3f4cbf66db52328acef7c3d2d2,1491090660
146158393,1635649751,beningsindonesia.medan11,Masyitohhasibuan11,KAB. MANDAILING NATAL,129,,1557495812
283201282,1635399931,annazahrotun_,annazahrotun_,KAB. LAMPUNG SELATAN,77,0e26879bdbe342b87358d81c7d0c3897,1594249454
419151322,1637473824,zz_colection,Ziyazera Collection,KOTA BANDAR LAMPUNG,1091,316dcaaba51eff1a369739bbfeff4e74,1617844223
79739842,1637572344,nurmalaruby,nurmalaruby,KOTA DEPOK,16,4a22fcb1acebbc3038e54dbca443d08d,1531825346
401454661,1633846583,mdfebriana,mdfebriana,KAB. KLUNGKUNG,17,1bbfb4e976a9cd428f25156a97833a00,1615476311
261430833,1637117429,suminiasihh_,suminiasihh_,KAB. TABANAN,6,16e52edbb5ce263927b488156084d376,1589333350
176814518,1636105965,dsukma11,dsukma11,KOTA BANDUNG,19,4416323cf1372f34e9e7bbf3c032e6f4,1567837531
49624199,1634131201,pipitpri,pipitpri,KOTA SERANG,60,2e871d82e3ddbdd1d89fd438bd6b93e5,1514174114
192142248,1634777448,sellaauliya_,sellaauliya_,KAB. SERANG,668,ae3f9ddb3a1dccf61f718f997396e3bd,1572079926
312568106,1635929434,pinkyellow.id,Pinkyellow.id,KAB. BANDUNG,44,4931ac737ce70d1144acaca754f3b1c2,1600670016
103514680,1637634558,baksoo,baksoo,KOTA MAKASSAR,51,1722689b92ca8a1aa2e42fbad9987c99,1541903606
70415980,1633119102,ninaardia,ninaardia,KOTA JAMBI,50,68023ea7c8c71ba7581792c5e04023b0,1526841643
206739131,1637051902,akujualanroti,dianchrista,KOTA DENPASAR,38,fe6f823286fc6975dff6d83b7dc2c78a,1575693108
286360267,1635316555,yollanda_daculla_lhea,9imlm__eom,KAB. SIDOARJO,57,00a5c779e7167f528d349ed8839f7f45,1595016913
11510608,1636019528,sarianitapuspita,sarianitapuspita,KAB. BEKASI,48,f6a348d323500fd095c01438fc07acf1,1477451023
377388208,1635314191,naurahisyam19,w3l_7cc84n,KAB. BOGOR,15,,1611386436
376670339,1634186993,yullyull92,yullyull92,KOTA TANGERANG,25,a94792865e201f40d85cb6659c8ca229,1611244562
221012006,1634641695,yohananatalia97,yohananatalia97,KOTA PEKANBARU,74,ecf04d85cd6ed56e6ac2af8668cc680e,1579528873
32254649,1633144704,lilis_marwah,lilis_marwah,KAB. BEKASI,55,a02ebc1ce178dba11b41ac95db76103c,1503841793
112182590,1637891678,indah.131114004,indah Yulita Hartono,KOTA SURABAYA,17,f666e961ad888e1de85c459c712ca09f,1544341970
9157144,1635425998,pettyshop07,pettyshop07,KOTA BANDUNG,25,ff2ac5966a307c7d7b8f83cb5f59a054,1471862135
66021139,1634804261,amaliaadelstore,amaliaadeline,KOTA BOGOR,313,7f079ec956d49833c534af155aa722cc,1524268413
25271316,1637302466,elisashyarivaldi,elisashyarivaldi,KAB. BEKASI,216,69cac05bcddff744c06408979f139bde,1497282827
126526192,1637153678,riskaherdiana24,Riska.rdiana,KAB. BOGOR,679,,1550190948
18445039,1636198913,ermamizzu,Ermamizzu,KAB. SERANG,95,8163fcfc9e910cc32524a536f1cc5283,1489822255
372637723,1637647008,pasyasalsa16,rv30ofaja4,KAB. CIREBON,61,,1610545307
327306925,1636326854,riedhafarida10,riedhafarida10,KOTA BANDUNG,46,b900297699674f655e787ead7fd57db3,1603580023
190196879,1635042767,elisabethagtha99,elisabethagtha99,KOTA PEKANBARU,299,ffeb96031216d13ec2df06ac8112507b,1571574404
78456794,1634893080,rysanf,Rysanf,KAB. BANDUNG,21,31c6a473d576c50f4d14486097713665,1531152365
1479542,1634609103,murdalina181,murdalina181,KOTA MAKASSAR,381,,1446465394
525300655,1636032541,annisalsa13,wla7n0z_gk,KOTA BANDAR LAMPUNG,2,6677fd7a8601f0e03db202d98d0bfcaa,1630406582
95458175,1635424766,merryades,merryades,KOTA BEKASI,158,74ed7c1eaf3149f50274ee135d359e02,1539139006
230559525,1637141035,zillllaaaa,zillllaaaa,KOTA SAMARINDA,10,4bfea207c9c085b74caa727e9365b55e,1582570781
328913044,1637774326,martatia20,gcalgey0eyyqnlei7h63qdihyvdg,KOTA SEMARANG,14,,1603871497
2433052,1634093350,pipinindriyani,pipinindriyani,KOTA SERANG,78,4165ad7595eed26bb210df8adbec1422,1450946124
492790687,1633950904,irawantisitorus1,irawantisitorus1,KAB. KARAWANG,23,7f48859613da288c1ca8c6a31b43297f,1626684382
121707916,1637109282,aydiktifff,ayuu.azzahra,KOTA SURAKARTA (SOLO),61,04ae769c23965a1e6964fd773d87fd09,1548022809
11467877,1633781423,rirymanik,Rirymanik,KOTA JAKARTA BARAT,44,b04a807ed85b07f0aa3d90a2cb81486c,1477364525
67982643,1635521087,bahiira_,Bahiira_,KAB. MAJALENGKA,71,69538b0ea3423e9addde8e48e51b3960,1525409785
584689793,1637153447,syafiramei741,syafiramei741,KOTA MEDAN,1,60ab0458db6d8f5862d75e06a9d32c43,1636350306
276207109,1634270944,yuyunpermatasari5,yuyunpermatasari5,KOTA JAKARTA BARAT,27,dcf8be9aec17e8440bc521c7f80b8fd2,1592609670
139812865,1638067716,tasya.sydty,tasya.sydty,KAB. BEKASI,119,7ab2331eef57189da9fa0b39058d88e3,1555144579
32538046,1634841566,pipitsnurjanah,pipitsnurjanah,KOTA TASIKMALAYA,136,3dfacf4aa12b40975fe6431e2ea63b36,1504031583
290543788,1635146801,anggichoi,anggichoi,KOTA MEDAN,197,5eaa1584e6d26ce75a72c91f1c227686,1596040596
61697507,1637647411,santii2_,santii2_,KOTA DUMAI,40,bd8cd92cf3e85015d2de286da0cdfb39,1521641889
255001522,1635349371,beyeshop.id,beyeshop.id,KAB. CIREBON,140,2ed79c25dce8a6c75db16ace7b126633,1588058279
70170614,1636462139,17_09_88,17_09_88,KOTA BEKASI,8,f3bef209821d6038ac8c1a484780ff65,1526712327
281565033,1638024157,prafhra_,prafhra_,KAB. BANDUNG BARAT,51,6dcb1b7d0abe2ab705c4ab650de9d95c,1593918358
283333107,1636178818,tiaramarisa_96,tiaramarisa_96,KOTA JAKARTA TIMUR,8,1dfd9f82d3d2401d49631b913ddb6ee9,1594278832
102604128,1632680270,gadis.ocitasary,gadis.ocitasary,KOTA SEMARANG,107,c93b29f821e9f243f43facea164b564a,1541738193
179791205,1636175464,28mpomani,28mpomani,KOTA JAKARTA UTARA,36,49fdaca9aee761ba960d85a703fb1a5d,1568596267
313872332,1637380163,riaamaliaa_,r2cn7uvrtn,KAB. BEKASI,6,89c9e7b10ce73ded6a319cec814fe0d2,1600936196
167808846,1634456824,fyaaaaaaaaaa,fyaaaaaaaaaa,KOTA BATAM,50,21781f47f5adfde109502432d672c9dd,1564894068
7348059,1633012164,nabilanurf,nabilanurf,KOTA MADIUN,26,43b632c471ecefbc5b2f9b76a300028d,1467119195
160871893,1637408507,roulinasaragih,Roulinasaragih,KAB. BANDUNG,86,,1562469539
320407571,1635248155,desyningrum98,desyningrum98,KOTA TANJUNG PINANG,69,139904aa0a16645fe61668a2a9a2d00a,1602270392
82748702,1633933472,nadzahra61,nadzahra61,KOTA PALEMBANG,37,16e9f535a4ef60fccc1d60b5dfc3e095,1533369274
335537972,1636543027,odsjrc,odsjrc,KAB. TANGERANG,4,e02218c055b0ea3174481b21d57d0672,1604988642
302439,1633005801,serbaserbimami,PRELOVED_CIA,KAB. KEDIRI,380,99b00610ebba995daa84a0113e92fb3f,1439039175
81958998,1637233206,evaameliaputri98,evaameliaputri98,KAB. LAMPUNG TIMUR,604,60261748f409157f0b575392791670a6,1532959928
56947712,1636805419,niamerdekawati,niamerdekawati,KOTA TANGERANG,81,3bbe9d66f2cc2eded019c2c8b0c74275,1518795483
13843918,1633435472,iaplk10,iaplk10,KOTA SURABAYA,138,15082bb6b1ed1df03a5db09b0f27f717,1481785952
54102339,1637227716,fioria,fioria,KOTA MEDAN,105,,1516982758
17054618,1634127116,annisaluthfimazyya,annisaluthfimazyya,KOTA JAKARTA TIMUR,58,25bb1c0bc69a9f736797447682ea7c28,1487878028
539631317,1635509502,alezandra_musila,alezandra_musila,KOTA DEPOK,38,9d316bc725aaf08b9b2fadaf1972ad09,1631781430
21111782,1634902461,littlesyabina,littlesyabina,KAB. TANAH BUMBU,104,d8c177e0042b6c3eacc0eae772dfe3a7,1493208424
141289338,1637753057,aisyahnurulfathilah,aisyahnurulfathilah,KAB. BANDUNG,4,8acac58742afc4da803fc882f142e671,1555787415
39618890,1632955488,trisnawatiamalia,trisnawatiamalia,KAB. BANDUNG BARAT,540,9917ad1d136a322e92ad3a6b161db2fb,1508540432
255700525,1634046277,annisaintannuraini,annisaintannuraini,KOTA BANDUNG,32,890954e31b20637e35ef9b8de5cfbfe6,1588207766
169388062,1637153539,bella_ielfaa,Bella_ielfaa,KOTA TANGERANG,42,85d05f81da1a7b01f19dd7d287c6e9e4,1565411710
32793665,1634214439,alberta143,Alberta143,KAB. KARAWANG,36,a8f1c50854fd102366351c59b5b9417b,1504225434
250780128,1636618024,dinawafiq_20,dinawafiq_20,KAB. BEKASI,56,7567887f101bf91f0f279e81980fdeff,1587032085
299036308,1635929068,momiratuuu,fag35fesgi,KOTA BOGOR,37,a89ebbeb89521b4e9b34a0a20ec829ec,1597919186
55786234,1635407319,febrihandayani0232,Febrihandayani0232,KOTA MEDAN,269,e872b6baba8d3d92c586b24c9fd85b25,1517991342
174696932,1633967825,skrtnnnnn_,skrtnnnnn_,KAB. BOGOR,15,c17e018f3378b6f210e3b6bdf9e4623a,1567269679
69075968,1637569294,22jannah,22Jannah,KOTA CILEGON,7,,1526047879
227714023,1635397255,uchaucha__,uchaucha__,KAB. SLEMAN,479,33a68aeaa77dd461c7e55c0e3f53a963,1581693670
193321615,1637065052,heri_suliani,Heri_Suliani,KAB. BANYUMAS,101,6f0395735e00786e55eb18c37d175e8d,1572431839
41914408,1636867039,irakhoirunnisa17,IraKhoirunnisa17,KAB. KUNINGAN,240,043f8cd012b784aafe6e72877a9e91a8,1509978428
163257345,1634386988,wulanasenjarani,wulanasenjarani,KOTA BANDUNG,128,bdce59d26c5cfacae843194573c9f866,1563251920
436215696,1634463529,indriyanisafitri04,indriyanisafitri04,KAB. CIREBON,3,4de98fb900ecd8c2893ebc4bf50072c1,1620067589
41952317,1637383805,dwihmanurung,dwihmanurung,KAB. HUMBANG HASUNDUTAN,32,925da793801becc4f55dbd0e8b29025d,1510015102
21002137,1635153254,alithzalekha,alithzalekha,KOTA PALEMBANG,51,a7d74202ba7752b51d4fd6d2598b278e,1493089662
187507082,1635208270,sekar_el,Sekar_el,KAB. SUMEDANG,16,374adfc320ed7de4ab0699f4b2f2e71e,1570779227
415446167,1635503103,naaraaa_,r87dwia8k_,KAB. BEKASI,9,bc21e64b408237ef4aee1ff122d72bc5,1617353853
182632279,1637669069,meilindaaz,meilindaaz,KOTA TANGERANG,11,63e89d9c3ec0b23df7041590ce64e995,1569490765
38204672,1636955989,anirinaldo,anirinaldo,KOTA TANGERANG,140,8478ac62ccaf827f3d65c2c8f0314290,1507637857
29316208,1634882958,mayadjohan,mayadjohan,KOTA JAKARTA PUSAT,16,,1501557914
496911868,1637392777,rismaalexaputri,tulz1rl7i3,KOTA BANDAR LAMPUNG,30,,1627222154
315265957,1634608079,rahayussr2,rahayussr2,KOTA TANGERANG,126,4791ba0afe8916818313b9a3701ac0b8,1601245744
306686878,1635831110,rashyafayha,rashyafayha,KOTA JAKARTA BARAT,143,ae1da72a20d23c7bbda53269e3889df4,1599559913
33144890,1636534339,viandaaristya,viandaaristya,KOTA TANGERANG,13,e8ee8da7901a5534e40ae746a39def28,1504443385
325562901,1636075861,nadila_aulia.rizky,nltq4hsv9vsiiaarf9ck72zgdxch,KAB. LAMPUNG TIMUR,19,a68b5ad615fae2ad8c6363cae662f231,1603239493
258907408,1635197692,ketriney,ketriney,KOTA CIREBON,66,944e1098b2d5199a09681ff43781ca7c,1588832019
233508082,1637227171,mila_zulfani,mila_zulfani,KAB. GROBOGAN,19,daf4e402830099b03ffdf8d53ac4a5ae,1583415344
500750771,1635496974,samic0t,s0_o27lawg,KAB. BANDUNG,6,a2ab23eebe181f3bc2c272aec4daa210,1627697644
153086022,1633961049,herri2017,herri2017,KOTA SURABAYA,471,62321c8b9d9c4b6933e65c4571c215db,1559618524
173847514,1637931090,dewimasita2024,Dewimasita2024,KAB. TEMANGGUNG,123,aefd3a0f2b66d14f15c92d0aa7ad1751,1566994506
203328275,1634258900,deasyprima1,deasyprima1,KOTA SEMARANG,52,8a263837e261d1f8717a5f4fb0ac6ebd,1574780034
104759087,1636120976,sarwatywati,sarwatywati,KOTA JAKARTA BARAT,15,cb02fdaf6484e9ab2e48a6a90bd243a9,1542166614
382878876,1637225483,beilaagustiana14,lccy7un_z2,KOTA CILEGON,82,155f458e65ab15d851fb2f7123bb3f86,1612337475
204278858,1635848291,shofi16_,shofi16_,KOTA SURAKARTA (SOLO),116,,1575038709
62118972,1635484836,utamiarifing,utamiarifing,KOTA SIBOLGA,33,cc0537a778e576293a9065fea262ac23,1521893566
47723508,1634429812,grd_production,gruroda_store,KOTA SURAKARTA (SOLO),8,881d4c04cc76acd7fbd50bbd86e9eecf,1513081895
314659712,1634773207,dederosadi1928,dederosadi1928,KOTA BEKASI,18,91f94a863c45adfa3e3efc7c928248d8,1601105469
30451139,1632998222,estherlitas,estherlitas,KOTA JAKARTA PUSAT,120,b49325a4c9c4e0f5ca2f905863492997,1502443113
144669187,1634894851,yulizayanti30,yulizayanti30,KAB. SUKABUMI,21,3ba57e6133722bd472c45828aa309bf0,1557026380
546595278,1634034675,nita.dwi95,z1b6__7wgc,KAB. TANGERANG,17,f8cd4a605a9cfc56be93371783114dbf,1632522910
353589528,1633797989,nisrinamaharani567,nisrinamaharani567,KOTA JAKARTA PUSAT,13,d7b3d2ed82a2ea3927e1c8ac7ff44343,1607589618
305252830,1634984452,elyjuniati86,elyjuniati86,KAB. KEBUMEN,30,e4ee98720e79023a7b5809e0584dc9e3,1599271755
69832847,1634808639,lullynovelyaaja,lullynovelyaaja,KOTA JAKARTA UTARA,82,9018916dcd572a0e6e4fcaa87052e01d,1526528751
271526456,1637239902,icamarisa19,icamarisa19,KAB. BOGOR,156,0a5ab06c6df34593ca06e39bd223359e,1591483371
583337038,1636803170,putri_putri8,46ncl76wdz,KOTA JAKARTA PUSAT,5,,1636213672
161448505,1634197552,fuzii11,Fuzii11,KAB. BEKASI,175,b93949aa9ddd40735b02c5cd0c50c446,1562648488
127709472,1634556555,anissadwy,Anissadwy,KOTA JAKARTA BARAT,139,6b3ce56e0ee4bf39aa49963100d2318a,1550664527
53755998,1637758796,afdtika,afdtika,KOTA BENGKULU,139,a5907afda43ab1407d9d2dce74f3036e,1516780711
22281189,1634102599,ichabunyamin,ichabunyamin,KOTA DEPOK,4,,1494571655
139588915,1635491931,lailanuraini525,lailanuraini525,KAB. CIANJUR,320,223bfb6f5fad8bf398819bdaf25c625b,1555044835
462851170,1634888033,jacksonlim_12,4odr60k7g3,KAB. KUBU RAYA,12,ed5483b66b8463b174bc3cb359b0566b,1623215793
29182763,1634279925,yulianz00,fathyjab coll,KOTA BEKASI,123,b4db99b7d36ca03756147abf3c1362e0,1501420164
82215842,1635481976,fitrimelinda33,fitrimelinda33,KAB. TANGERANG,134,bf708e79ec7633a02af88830874b8c80,1533100248
73073972,1636519572,nurhayati301195,Nurhayati301195,KOTA CILEGON,172,aeba56a9be073a4d4027e3cfb9c54e76,1528094492
170848138,1633598618,natalianainggolan004,natalianainggolan004,KAB. GARUT,0,b2050b6c7f46fbc3f22d030138e62964,1565959566
137157133,1637921488,melani_tj,melani_tj,KOTA SURABAYA,44,,1554040551
318961326,1634727345,nikitamayraa,nikitamayraa,KOTA JAKARTA BARAT,4,1340fd3914d485d25c0a8c02b49a18c4,1602004429
275339039,1635433643,aurasyifa24,aurasyifa24,KAB. BEKASI,26,fac9bdf59b7bda46021bfea38a25c652,1592382857
423008730,1636035295,ernidadi,ernidadi,KAB. BEKASI,1,33068666c91cabe236c870d18dbe103f,1618374741
113495884,1634205922,jelajah_bahagia,ajenghilah,KOTA JAKARTA TIMUR,709,a732940a8918ce7aa85b133a3df616e3,1544610263
6161178,1633789240,feliyanti,feliyanti,KAB. BEKASI,249,4ecc4e5d3e23e3e26bcb3abae7d227b4,1464441509
43597206,1637836356,mildayantilizaa,MildaYantiLizaa,KAB. LABUHAN BATU,8,e64d153a6571f0c311e50992c5f3e8a9,1510746359
193062350,1633482267,dina_anjarsari,Dina_Anjarsari,KAB. GUNUNG KIDUL,419,d00cada8f0fc4f7807cdcc577d15b087,1572351383
92703893,1634308259,yusriariana,Yusriariana,KOTA JAKARTA UTARA,91,9f8f271f80e14a87bdaf8d12c72f0d99,1537928481
128713043,1634037318,arindau,ArindaU,KOTA JAKARTA PUSAT,133,,1550929143
99600375,1637981706,ermaycs28,ermaycs28,KOTA PEKANBARU,138,d4d74caa2637492d4507b09b7296acdd,1540804492
129528333,1635241969,aliftavionatarisa,aliftavionatarisa,KOTA SURABAYA,7,8bc888cd90d7301f82b821474ead3a72,1551185352
132187076,1634224450,elvirachaerunisa,ElviraChaerunisa,KOTA JAKARTA BARAT,11,c497afbbb233f16d130b9f75703c40f0,1552119389
332028820,1634330210,zaeynabun,jparvhigxrr6ustp6vqzv2izg3vt,KOTA JAKARTA TIMUR,292,e8d7e941543ec919378a67da8a18b309,1604421383
304616484,1636970988,ananda.store_06,Ananda.store.06,KOTA JAKARTA BARAT,2884,b7c05f156284829e268b34606cc7ba50,1599128263
159269453,1637043152,melatimesy15,Melatimesy15,KAB. BANDUNG,146,2d3a3b3b5ffe8ca944933d7c9f6de2b2,1561943058
274501567,1633779654,anisha2107,5yhpv6gq85,KAB. TANGERANG,14,,1592190963
22664833,1634731471,widi_k,Widi_K,KAB. PATI,37,,1495009002
316314946,1634612633,azengkarin29,15g2sj7lxw,KOTA JAKARTA TIMUR,61,,1601461651
122632165,1634918203,nendenkomala,nendenkomala,KAB. SUBANG,273,,1548412226
124706286,1637404895,xrirousx,xrirousx,KAB. DELI SERDANG,312,0a2cec437f0d7a40a441995e2027fef7,1549344482
46240587,1634125135,latifahnur17,latifahnur17,KOTA DEPOK,69,1fada7f6a1d1f1fd7086d184722687b2,1512353429
168948830,1634537440,aisyatrianiii,aisyatrianiii,KOTA JAKARTA SELATAN,23,d914608f83b34fac6dba3c6365acecec,1565256033
306200277,1634194702,efenditaufik23,mvrwzmgq68,KAB. TEBO,50,,1599469066
280191243,1635295452,euisr25792,euisr25792,KAB. TASIKMALAYA,516,82f161f9e045856e29beca825ec9cf2f,1593589597
513144671,1635586418,yulya.12,yulya.12,KAB. KARAWANG,18,b219054ec49c7679497b6bdd7b6146bb,1629082529
15993577,1635394055,dewipratama21,Dewipratama21,KAB. BOGOR,97,df6f257d581045e5ca649a72ee593c45,1486029383
20269990,1637982955,tiyarsurizki,tiyarsurizki,KOTA BEKASI,36,253de3927bc45ee942d628e49053d186,1492128610
202153347,1636964501,adindawim12,adindawim12,KAB. BANDUNG,4,96e009d376e3214627bb8addd01e2668,1574431676
140378387,1636972168,inge.nw,inge.nw,KOTA MALANG,1,,1555404529
74406023,1635172400,selfiayu28,selfiayu28,KOTA CIMAHI,394,16fd209a6ae82d2d3742b1f0a0e98a30,1528784008
459193598,1635225740,nathalyapanjaitan,yq1z82kzix,KAB. BOGOR,0,,1622867565
281428448,1634056784,gita.sry,gita.sry,KOTA BANDUNG,2,252ecfd2d54eecf7b2414dbae5fcb590,1593872059
70625549,1637737890,hnnlnbn,BukukuBukumu,KOTA JAKARTA BARAT,132,0e1927f0ea2ee5d4fa29205d292101e0,1526962061
320651807,1635496596,shintamaranata_,jp7ofymrn1n53l0ogiskx2n0du1d,KAB. BANDUNG,47,,1602304202
59414132,1634271436,aalalfina,AlfinaFerderika,KAB. BOGOR,103,948140b02842153fbbfc2cef0e90e04f,1520307884
274206675,1637050803,putriayusitaa,putriayusitaa,KAB. KUNINGAN,22,5d89effe1b669d610d5b729fa55fbbb2,1592113601
74677646,1637716909,paredisse,paredisse,KOTA JAKARTA BARAT,13,48791dd4eabcc1ded3ba7855fde1580e,1528961187
21317520,1633950208,putriazahra_dam24,putritrisaazahra,KAB. TANGERANG,220,,1493448559
210150403,1634275121,revarsani13,Revarsani13,KOTA JAKARTA BARAT,9,5e577a6aa9f1b4310dcbc8b4ce7daa72,1576232442
13015812,1633673461,talita.ivamella,BONNIESAURUS,KOTA BEKASI,26,2fad4203114a61607d78cd3bbf1a7911,1480369087
202552812,1634000664,aputrieika,aputrieika,KAB. BEKASI,95,d1fe953733d463ad3d53fcc839aa4daf,1574572081
73758801,1636359038,kikiaprilia_19,Kikiaprilia_19,KOTA BANDAR LAMPUNG,481,b946505a17e27b054a3bc2db0324b301,1528419999
275886100,1636884093,shakira.health.store,shakirahealthstore,KAB. BEKASI,3,46e3a3eb7866e42500dbd933a3b5940c,1592526769
232588184,1634012710,yesicaaaaaahshdud,yesicaaaaaahshdud,KAB. BOGOR,45,64214abdffcd6c35a2d4a1d83f3df11b,1583152521
244115149,1633933247,temonmarfuah07,temonmarfuah07,KAB. BEKASI,12,21abd772942ac2761e7e4b4311e8c640,1586657604
289554134,1633667063,diralbs,6b67owsgq5,KOTA MEDAN,11,82d2dac2a293d3b8259a15e735d3f790,1595814951
103135030,1635851760,echa_parde2,echa_parde2,KOTA JAKARTA UTARA,22,199f47d2cbe027823d5ab4dd732c4358,1541855397
171749608,1635318963,vidianilestari,vidianilestari,KOTA TANGERANG,4,1788df175ae4b265957e8ac395bce94f,1566303579
181623444,1636541968,srinurhayati.chilli.20502,Srinurhayati.chilli.20502,KAB. SUKABUMI,30,85b9ce13ca2e2047639c9320d5d4607e,1569152173
319862219,1637402582,vivirizkia4,vivirizkia4,KOTA PEKANBARU,161,7630ec78f425404f72c8981c4a78416b,1602179182
184374068,1634639672,safitrinabila761,safitrinabila761,KOTA JAKARTA UTARA,499,8c45a44bbcd9e34b6430d329f9f97d10,1570013871
213676255,1635250147,devikhaa,devikhaa,KOTA JAKARTA SELATAN,59,,1577233931
322235058,1636286571,febyola_1.728,_m2663n9o4z0gfbx15pqqefp59jy,KOTA TANGERANG,18,bf5cab988b611bd8bc533a781ecfb315,1602583305
185461349,1635679425,bellaolisdapf,BellaOlisdaPF,KOTA TASIKMALAYA,156,a5adb6539420461df0ad43eaa4f73fc4,1570317399
70322344,1636694920,melatilestarii,melatilestarii,KOTA TANGERANG,212,fc3d05f40386661752d219db0d8c1d98,1526797410
482444,1633153461,restuwulandari,restuwulandari,KOTA JAKARTA SELATAN,702,162b56e9095d0867c71c8b399673df15,1440565863
15774130,1632971731,yuukastore,Yuuka Store,KOTA JAKARTA SELATAN,191,85d59ea093a16c6de036ddecb28d7c97,1485602853
238468319,1633589744,yoanamaliam,yoanamaliam,KOTA JAKARTA BARAT,3,a7b380a58df0d1c4c5e07db626ab4a72,1584980543
277179709,1637225420,melisats10,melisats10,KOTA JAKARTA TIMUR,111,8f368c72584bb7858e3842cefd4c5110,1592845628
557618778,1634616234,reza_mahendra001,lmv9a2p49c,KOTA TANGERANG,6,94bcd8a5be85d223d3af6ee1378a149f,1633674313
63510999,1635042133,juliasanty77,juliasanty77,KAB. KARAWANG,78,29d0817e0971092a77d972618feeaf88,1522737207
285530747,1637212877,alex_market,Agen2010,KAB. BEKASI,56,4bba53591b30a3ed053adf29d18d7d18,1594819658
63201358,1635319565,anindityaannisa,anindityaannisa,KOTA TANGERANG SELATAN,112,f19c7af0dd78d81c0f68c50f8e88b2fe,1522548054
87084665,1635165170,tokolyta,tokolyta,KAB. BEKASI,42,48b4b61b16db2aefbbf3d88cc0669f96,1535643005
30003672,1634208476,ayuningsih8_,Ayuningsih8_,KOTA YOGYAKARTA,22,4cde0ffdd547cf0cb7846c1c2eae08b9,1502112815
201842667,1634037617,25121990.,25121990.,KAB. TANGERANG,39,d48445c36b85b67a232d58123a61d140,1574335079
34796182,1634289525,sofiarut,sofiarut,KOTA BEKASI,30,,1505380985
111345495,1635980305,pramitha33,Pramitha33,KOTA BEKASI,30,,1544073959
296966158,1637635673,riskasafitrinh,riskasafitrinh,KOTA JAKARTA TIMUR,37,4ff04b209d7ef30afa770ce0b3e993f3,1597469890
147532001,1637193398,sesell033,Sesell033,KAB. SUKABUMI,270,3bccb50bd56314e03b6e9b8d17dd5475,1557925747
73138061,1637591784,shaniaroselyn,shaniaroselyn,KOTA JAKARTA BARAT,116,,1528118847
324504326,1635553340,knsabla_,c8y8j92qso5m7ezagrjjboe2fd55,KAB. BANDUNG,27,56ebef1a5df6d4368ab8efaf9a9f3554,1603027501
195552771,1636940455,septi_anw,septi_anw,KAB. PESAWARAN,0,3704b6bbbfc9ba873459b3c6a930782f,1572971452
272879002,1636371505,diniscintya,diniscintya,KAB. TASIKMALAYA,4,,1591785560
547932076,1637493644,versatile_store,jcnbmce0d3,KAB. MERANGIN,44,,1632666212
95765208,1635406711,nabilah_sr,nabilah_sr,KAB. TANGERANG,1,343edbdceda1d83bc1137795646a5bc1,1539249780
381920824,1634199749,zulfaelfira,ce2o01t8fd,KAB. LIMA PULUH KOTO/KOTA,28,,1612188844
500296530,1635052423,riris08.store,Riris08.store,KOTA TANGERANG SELATAN,518,ef4d3b24a6dceb1f3e471df2f25c295e,1627633038
58723066,1636457362,riemanovita,RiemaNovita,KOTA JAKARTA UTARA,18,,1519900463
450457778,1636441490,nur_fadiyah17,ygbqiw8gzm,KOTA JAKARTA BARAT,15,,1621861966
114469512,1636000902,wiwitwij,wiwitwij,KAB. SEMARANG,22,d38e9f280266fbf5e7a7c502cbf41f7c,1544848910
308088008,1636974200,riniangraeni120,riniangraeni120,KAB. BANDUNG,2,,1599734869
337891836,1636980914,deasafitri1102019,64fiz766oxncmnbvftsgqapl05jn,KOTA JAKARTA TIMUR,20,,1605175337
140723262,1636330761,waffanuraeni29,waffanuraeni29,KAB. BANDUNG BARAT,130,75ac8beef57cb547918ccd5934fe9867,1555549363
41802207,1635834590,oktaviastrid,oktaviastrid,KOTA JAKARTA PUSAT,320,4090d175db3e632bf1b83a3a8a608203,1509931828
111352866,1634107996,sheviazahra,kayunbelanja,KAB. SLEMAN,51,b83ee8c4ad03f43d0b3235290a9bc17d,1544075845
19263950,1634745565,pradyamutia,pradyamutia,KOTA MALANG,398,d119a2f6f55a38cd09181560dfbc4a89,1490845719
360365111,1634113334,g.purbasari,g.purbasari,KOTA BEKASI,16,,1608449089
95466575,1637093238,megawatilena,megawatilena,KOTA JAKARTA SELATAN,33,ed25613d87ea52a9e867b6828219517d,1539141147
76064875,1635160087,aghitsny,aghitsny,KAB. CIAMIS,38,86e323e0cb202b8a843aceca8eb488a2,1529833998
140565467,1636560569,difapusparini,difapusparini,KOTA SURABAYA,273,5abc4f9e4eaa1c5fb4088fbf191905ba,1555480643
54154260,1633681806,koesmawati98,Koesmawati98,KOTA JAKARTA PUSAT,351,c03498dd3747609d506ec54abcd6aaa9,1517031334
6844221,1635998697,tsamroh,tsamroh,KOTA BOGOR,69,2864f69721bde0858733bee82be9881b,1465958373
202759349,1634533966,ika_yuli08,ika_yuli08,KOTA TANGERANG,72,2ba35b9f679b53fcd64c0933b2dc9430,1574635141
454839977,1636109858,ekya6nbf4l,ekya6nbf4l,KOTA JAKARTA UTARA,29,,1622375983
388801946,1635493143,nisaaaaehe,ky1hhui29w,KAB. CIAMIS,12,0b7cdce6fbecf2c1ccac496605c7e813,1613493517
352134386,1634464052,ayahnyashabira,ayahnyashabira,KAB. BEKASI,490,80ee24b1cbed712f53b892a4f0c468f3,1607385844
271816265,1634262033,whndy_,cj0c7i193b,KOTA JAKARTA TIMUR,22,c98dfd157f2d8e3a97045687abbdd68b,1591539405
294951706,1634698171,hjriana7,hjriana7,KOTA JAKARTA TIMUR,27,bbafca455eb9e71f883c3bb6a81d8d78,1597031949
14925734,1634040045,novi_yanti08,novi_yanti08,KOTA JAKARTA UTARA,50,eac6ea365b95f542c8cf61f76804beac,1484015104
286334855,1633264877,ratminah_25,novacandra.1,KAB. PEMALANG,1,09960c99c5ca61eba5b91ffea0669e43,1595004765
211292716,1634134591,anisadewi20_,Anisadewi20_,KAB. SERANG,44,,1576510418
259774215,1634561695,ayu19121997,ayu19121997,KOTA PADANG,63,10796f8edf63d88dbef23792741ea0c8,1589003030
82341384,1636825767,rimellhyunnie,rimellhyunnie,KOTA PANGKAL PINANG,331,ff7e9e87b62af41597d31811b184d4f2,1533151839
149635632,1637213705,iichaaaaaaaaa,Ichaaapuf,KAB. BANDUNG,33,bd14ac3a3ff5d3f9abb27a233287798c,1558535252
183481653,1634626585,melasilviani,MelaSilviani,KOTA TANGERANG SELATAN,13,,1569750505
13189032,1634645635,arifstyabudi38,arifstyabudi38,KAB. LABUHAN BATU UTARA,22,a6b4daf0d67287e759c8ba5c0d22cc04,1480658913
65223355,1636977259,evistg,evistg,KAB. ASAHAN,45,59b50f642eb159d5152b97520c8d99c1,1523802850
310367796,1634324961,itsranrann,md7zfj3y5l,KAB. BOGOR,47,8df2d13f60a0532e7c8f81dbdb28426b,1600225989
5332090,1633067001,erlin0302,e___n,KAB. TANGERANG,40,5f855d9281ef57fb6bfa19ec5950ec07,1462336387
260829998,1637132198,luluil17,luluil17,KAB. LOMBOK BARAT,134,97a382fa91af98f74a38202d8f62c57f,1589205538
324767558,1634300164,girlsstuff.y,qph9yell1xl5gnkjgwqdt6s4fnc4,KOTA MEDAN,26,d86856bc7281b4c7a3a400e9666eb227,1603085296
132210924,1637218376,fitri_hndy18,Fitri_hndy18,KAB. BOGOR,9,d05321a0f2e3a5d0ea31157c8fd6bb4a,1552125484
49924217,1633241888,vindaaulia,vindaaulia,KOTA JAKARTA UTARA,67,cfcff04e6a4247ee9ade28298f067199,151435061